First Name,Last Name,Email
Shannon,Mcpherson,Shannon.Mcpherson@hotmail.ca
Albert,Odom,Albert.Odom@hotmail.ca
Donnie,Huynh,Donnie.Huynh@hotmail.ca
Tyrell,Bonilla,Tyrell.Bonilla@hotmail.ca
Rhonda,Day,Rhonda.Day@hotmail.ca
Kendall,Pratt,Kendall.Pratt@hotmail.ca
Edward,Frazier,Edward.Frazier@hotmail.ca
Paul,Freeman,Paul.Freeman@hotmail.ca
Merrill,Stout,Merrill.Stout@hotmail.ca
Margarita,Hammond,Margarita.Hammond@hotmail.ca
Alphonso,Lee,Alphonso.Lee@hotmail.ca
Tanisha,Jackson,Tanisha.Jackson@hotmail.ca
Virginia,Bishop,Virginia.Bishop@hotmail.ca
Alexandra,Berger,Alexandra.Berger@hotmail.ca
Belinda,Hodge,Belinda.Hodge@hotmail.ca
Alex,Hays,Alex.Hays@hotmail.ca
Celia,Vang,Celia.Vang@hotmail.ca
Jared,Hinton,Jared.Hinton@hotmail.ca
Mildred,Luna,Mildred.Luna@hotmail.ca
Galen,Navarro,Galen.Navarro@hotmail.ca
Dena,Murillo,Dena.Murillo@hotmail.ca
Mitchel,Ewing,Mitchel.Ewing@hotmail.ca
Giovanni,Dickson,Giovanni.Dickson@hotmail.ca
Kirk,Mercer,Kirk.Mercer@hotmail.ca
Kim,Holmes,Kim.Holmes@hotmail.ca
Minh,Kim,Minh.Kim@hotmail.ca
Emmitt,Patrick,Emmitt.Patrick@hotmail.ca
Carson,Scott,Carson.Scott@hotmail.ca
Vince,Mckee,Vince.Mckee@hotmail.ca
Lynnette,Key,Lynnette.Key@hotmail.ca
Jefferson,Morris,Jefferson.Morris@hotmail.ca
Francisca,Arroyo,Francisca.Arroyo@hotmail.ca
Tamika,Dorsey,Tamika.Dorsey@hotmail.ca
Ross,Ortiz,Ross.Ortiz@hotmail.ca
Demetrius,Mccann,Demetrius.Mccann@hotmail.ca
Jay,Sheppard,Jay.Sheppard@hotmail.ca
Damian,White,Damian.White@hotmail.ca
Young,Foster,Young.Foster@hotmail.ca
Katina,Good,Katina.Good@hotmail.ca
Lucile,Dennis,Lucile.Dennis@hotmail.ca
Dianna,Stanley,Dianna.Stanley@hotmail.ca
Guillermo,Glass,Guillermo.Glass@hotmail.ca
Hallie,Schwartz,Hallie.Schwartz@hotmail.ca
Timmy,Goodwin,Timmy.Goodwin@hotmail.ca
Patsy,Fisher,Patsy.Fisher@hotmail.ca
Joanna,Shea,Joanna.Shea@hotmail.ca
Kristine,Jacobson,Kristine.Jacobson@hotmail.ca
August,Calderon,August.Calderon@hotmail.ca
Raul,Bowen,Raul.Bowen@hotmail.ca
Chrystal,Weiss,Chrystal.Weiss@hotmail.ca
Jennifer,Johnson,Jennifer.Johnson@hotmail.ca
Natalie,Robinson,Natalie.Robinson@hotmail.ca
John,Ferguson,John.Ferguson@hotmail.ca
Samuel,Patterson,Samuel.Patterson@hotmail.ca
Jasmine,James,Jasmine.James@hotmail.ca
Patricia,Hamilton,Patricia.Hamilton@hotmail.ca
Michael,Hensley,Michael.Hensley@hotmail.ca
Elijah,Fisher,Elijah.Fisher@hotmail.ca
Justin,Wright,Justin.Wright@hotmail.ca
Paula,Reyes,Paula.Reyes@hotmail.ca
James,Nielsen,James.Nielsen@hotmail.ca
Richard,Rojas,Richard.Rojas@hotmail.ca
Christopher,Perez,Christopher.Perez@hotmail.ca
Melissa,Davis,Melissa.Davis@hotmail.ca
Nichole,Farmer,Nichole.Farmer@hotmail.ca
Mrs.,Jennifer,Mrs..Jennifer@hotmail.ca
Jerry,Cuevas,Jerry.Cuevas@hotmail.ca
Eric,Norris,Eric.Norris@hotmail.ca
David,Jimenez,David.Jimenez@hotmail.ca
Clayton,Fowler,Clayton.Fowler@hotmail.ca
Samantha,Marquez,Samantha.Marquez@hotmail.ca
Marcus,Cain,Marcus.Cain@hotmail.ca
Zachary,Rivas,Zachary.Rivas@hotmail.ca
Samuel,Floyd,Samuel.Floyd@hotmail.ca
Daniel,Strickland,Daniel.Strickland@hotmail.ca
Aaron,Bender,Aaron.Bender@hotmail.ca
Donna,Howard,Donna.Howard@hotmail.ca
Jonathon,Brooks,Jonathon.Brooks@hotmail.ca
James,Barrera,James.Barrera@hotmail.ca
Heather,Bell,Heather.Bell@hotmail.ca
Brian,Hudson,Brian.Hudson@hotmail.ca
Jason,Hart,Jason.Hart@hotmail.ca
Deanna,Allen,Deanna.Allen@hotmail.ca
Jennifer,Garcia,Jennifer.Garcia@hotmail.ca
Scott,Massey,Scott.Massey@hotmail.ca
Evan,Miller,Evan.Miller@hotmail.ca
Alan,Brown,Alan.Brown@hotmail.ca
Carl,Harvey,Carl.Harvey@hotmail.ca
Jared,Lambert,Jared.Lambert@hotmail.ca
Joseph,Clark,Joseph.Clark@hotmail.ca
Timothy,Thompson,Timothy.Thompson@hotmail.ca
Amanda,Brown,Amanda.Brown@hotmail.ca
Joshua,Hill,Joshua.Hill@hotmail.ca
Victoria,Johnston,Victoria.Johnston@hotmail.ca
Valerie,Clark,Valerie.Clark@hotmail.ca
Daniel,Miller,Daniel.Miller@hotmail.ca
Jackson,Bailey,Jackson.Bailey@hotmail.ca
Randy,Barnett,Randy.Barnett@hotmail.ca
Andre,Roberts,Andre.Roberts@hotmail.ca
Stephanie,Webster,Stephanie.Webster@hotmail.ca
Tara,Calderon,Tara.Calderon@hotmail.ca
Jennifer,Mayo,Jennifer.Mayo@hotmail.ca
Brian,Robinson,Brian.Robinson@hotmail.ca
Rachel,Lee,Rachel.Lee@hotmail.ca
Cynthia,Baker,Cynthia.Baker@hotmail.ca
Miguel,Taylor,Miguel.Taylor@hotmail.ca
Crystal,Anderson,Crystal.Anderson@hotmail.ca
John,Daniels,John.Daniels@hotmail.ca
Christopher,Valencia,Christopher.Valencia@hotmail.ca
Michelle,Jackson,Michelle.Jackson@hotmail.ca
Ricky,Francis,Ricky.Francis@hotmail.ca
Michael,Hartman,Michael.Hartman@hotmail.ca
Allison,Smith,Allison.Smith@hotmail.ca
David,Giles,David.Giles@hotmail.ca
Joseph,Dixon,Joseph.Dixon@hotmail.ca
Louis,Hutchinson,Louis.Hutchinson@hotmail.ca
Jeffrey,Deleon,Jeffrey.Deleon@hotmail.ca
Kenneth,Short,Kenneth.Short@hotmail.ca
Amanda,Brown,Amanda.Brown@hotmail.ca
Sheryl,Nash,Sheryl.Nash@hotmail.ca
Jose,Smith,Jose.Smith@hotmail.ca
Ashley,Lopez,Ashley.Lopez@hotmail.ca
Denise,Cabrera,Denise.Cabrera@hotmail.ca
Paul,Berry,Paul.Berry@hotmail.ca
Matthew,Hicks,Matthew.Hicks@hotmail.ca
Eric,Arroyo,Eric.Arroyo@hotmail.ca
Charles,Green,Charles.Green@hotmail.ca
Logan,Robinson,Logan.Robinson@hotmail.ca
Tracy,Phillips,Tracy.Phillips@hotmail.ca
Sherry,James,Sherry.James@hotmail.ca
Patrick,Pearson,Patrick.Pearson@hotmail.ca
Geoffrey,Carter,Geoffrey.Carter@hotmail.ca
Ashley,Ramos,Ashley.Ramos@hotmail.ca
Michelle,Nelson,Michelle.Nelson@hotmail.ca
Lisa,Fleming,Lisa.Fleming@hotmail.ca
Jose,Barnett,Jose.Barnett@hotmail.ca
Ricardo,Wood,Ricardo.Wood@hotmail.ca
Whitney,Reynolds,Whitney.Reynolds@hotmail.ca
Jeremy,Mills,Jeremy.Mills@hotmail.ca
Matthew,Hammond,Matthew.Hammond@hotmail.ca
Mary,Maxwell,Mary.Maxwell@hotmail.ca
Chad,Hernandez,Chad.Hernandez@hotmail.ca
Emily,Hansen,Emily.Hansen@hotmail.ca
Mark,Reed,Mark.Reed@hotmail.ca
Curtis,Gates,Curtis.Gates@hotmail.ca
Erin,Guerrero,Erin.Guerrero@hotmail.ca
Debra,Diaz,Debra.Diaz@hotmail.ca
Eric,Stokes,Eric.Stokes@hotmail.ca
Sabrina,Smith,Sabrina.Smith@hotmail.ca
Jeffrey,Craig,Jeffrey.Craig@hotmail.ca
Joan,Payne,Joan.Payne@hotmail.ca
Keith,Hodges,Keith.Hodges@hotmail.ca
Jessica,Morris,Jessica.Morris@hotmail.ca
James,Allen,James.Allen@hotmail.ca
Brian,Nichols,Brian.Nichols@hotmail.ca
Cynthia,Irwin,Cynthia.Irwin@hotmail.ca
Kyle,Salazar,Kyle.Salazar@hotmail.ca
Kimberly,Taylor,Kimberly.Taylor@hotmail.ca
Karen,Chung,Karen.Chung@hotmail.ca
Jordan,Davis,Jordan.Davis@hotmail.ca
Eric,Anderson,Eric.Anderson@hotmail.ca
Lori,Chavez,Lori.Chavez@hotmail.ca
Gordon,Shepherd,Gordon.Shepherd@hotmail.ca
Carla,Walter,Carla.Walter@hotmail.ca
Robert,Clark,Robert.Clark@hotmail.ca
Chloe,Robinson,Chloe.Robinson@hotmail.ca
Robert,Morgan,Robert.Morgan@hotmail.ca
Maria,Davies,Maria.Davies@hotmail.ca
Laura,Carey,Laura.Carey@hotmail.ca
Brian,Estrada,Brian.Estrada@hotmail.ca
Paige,Townsend,Paige.Townsend@hotmail.ca
Lisa,Gilbert,Lisa.Gilbert@hotmail.ca
Joshua,Medina,Joshua.Medina@hotmail.ca
Jason,Stephens,Jason.Stephens@hotmail.ca
Angela,Khan,Angela.Khan@hotmail.ca
Mary,Burns,Mary.Burns@hotmail.ca
Marcus,Wiley,Marcus.Wiley@hotmail.ca
Alexandra,Thomas,Alexandra.Thomas@hotmail.ca
Denise,Richardson,Denise.Richardson@hotmail.ca
Rachael,Simpson,Rachael.Simpson@hotmail.ca
Robin,Lowe,Robin.Lowe@hotmail.ca
Jennifer,Martin,Jennifer.Martin@hotmail.ca
James,Whitehead,James.Whitehead@hotmail.ca
Monica,White,Monica.White@hotmail.ca
Victor,Lester,Victor.Lester@hotmail.ca
Gina,Archer,Gina.Archer@hotmail.ca
Caitlin,Bradshaw,Caitlin.Bradshaw@hotmail.ca
Jeremy,Jacobs,Jeremy.Jacobs@hotmail.ca
Michael,Armstrong,Michael.Armstrong@hotmail.ca
Gavin,Davidson,Gavin.Davidson@hotmail.ca
Katherine,Hickman,Katherine.Hickman@hotmail.ca
Rhonda,Harvey,Rhonda.Harvey@hotmail.ca
Jennifer,Fuller,Jennifer.Fuller@hotmail.ca
Jamie,Mckinney,Jamie.Mckinney@hotmail.ca
Ashley,Myers,Ashley.Myers@hotmail.ca
David,Montgomery,David.Montgomery@hotmail.ca
Bradley,Mcdonald,Bradley.Mcdonald@hotmail.ca
Donna,Brewer,Donna.Brewer@hotmail.ca
Amy,Clay,Amy.Clay@hotmail.ca
Rebecca,Bishop,Rebecca.Bishop@hotmail.ca
Dana,Roberts,Dana.Roberts@hotmail.ca
Matthew,Vaughan,Matthew.Vaughan@hotmail.ca
Cassandra,Carroll,Cassandra.Carroll@hotmail.ca
Regina,Hodge,Regina.Hodge@hotmail.ca
Carl,Neal,Carl.Neal@hotmail.ca
Cheryl,Rodriguez,Cheryl.Rodriguez@hotmail.ca
William,Roberts,William.Roberts@hotmail.ca
Elizabeth,Holden,Elizabeth.Holden@hotmail.ca
Miranda,Trevino,Miranda.Trevino@hotmail.ca
Jacob,Hall,Jacob.Hall@hotmail.ca
Maria,Gill,Maria.Gill@hotmail.ca
Jason,Owens,Jason.Owens@hotmail.ca
Catherine,Johnson,Catherine.Johnson@hotmail.ca
Jenna,Burch,Jenna.Burch@hotmail.ca
Shaun,Allen,Shaun.Allen@hotmail.ca
Melvin,Moore,Melvin.Moore@hotmail.ca
Peggy,Lee,Peggy.Lee@hotmail.ca
Jose,Daniel,Jose.Daniel@hotmail.ca
Megan,Smith,Megan.Smith@hotmail.ca
Amanda,Watson,Amanda.Watson@hotmail.ca
Deanna,Schwartz,Deanna.Schwartz@hotmail.ca
Tanya,Green,Tanya.Green@hotmail.ca
Daniel,Poole,Daniel.Poole@hotmail.ca
Ethan,Hardin,Ethan.Hardin@hotmail.ca
Barbara,Bell,Barbara.Bell@hotmail.ca
Carol,Campbell,Carol.Campbell@hotmail.ca
Kelly,Williams,Kelly.Williams@hotmail.ca
Margaret,Cameron,Margaret.Cameron@hotmail.ca
Stephen,Harris,Stephen.Harris@hotmail.ca
Jason,Dunn,Jason.Dunn@hotmail.ca
Jeffrey,Cabrera,Jeffrey.Cabrera@hotmail.ca
Steven,Hicks,Steven.Hicks@hotmail.ca
Jonathan,Smith,Jonathan.Smith@hotmail.ca
Rose,Henderson,Rose.Henderson@hotmail.ca
Ann,Garcia,Ann.Garcia@hotmail.ca
Andrew,Vaughn,Andrew.Vaughn@hotmail.ca
Marvin,Buchanan,Marvin.Buchanan@hotmail.ca
Colin,Vance,Colin.Vance@hotmail.ca
Stephanie,Anderson,Stephanie.Anderson@hotmail.ca
Kelli,Ray,Kelli.Ray@hotmail.ca
Raymond,Robinson,Raymond.Robinson@hotmail.ca
Kevin,Jones,Kevin.Jones@hotmail.ca
Alan,Zhang,Alan.Zhang@hotmail.ca
Stephanie,Carter,Stephanie.Carter@hotmail.ca
Patricia,Sullivan,Patricia.Sullivan@hotmail.ca
Tina,Rodriguez,Tina.Rodriguez@hotmail.ca
Ashley,Martin,Ashley.Martin@hotmail.ca
Sheri,Roberts,Sheri.Roberts@hotmail.ca
Jeffrey,Brown,Jeffrey.Brown@hotmail.ca
Robert,West,Robert.West@hotmail.ca
Debra,Conley,Debra.Conley@hotmail.ca
Nicole,Franklin,Nicole.Franklin@hotmail.ca
Sean,Buckley,Sean.Buckley@hotmail.ca
Cynthia,Sanders,Cynthia.Sanders@hotmail.ca
Natasha,Sullivan,Natasha.Sullivan@hotmail.ca
Robert,Mann,Robert.Mann@hotmail.ca
Lindsay,Miller,Lindsay.Miller@hotmail.ca
Brooke,Jones,Brooke.Jones@hotmail.ca
Christopher,Miller,Christopher.Miller@hotmail.ca
Keith,Phillips,Keith.Phillips@hotmail.ca
Evan,Harris,Evan.Harris@hotmail.ca
Jessica,Jenkins,Jessica.Jenkins@hotmail.ca
Ebony,Norton,Ebony.Norton@hotmail.ca
Daniel,Bell,Daniel.Bell@hotmail.ca
Samuel,Weiss,Samuel.Weiss@hotmail.ca
Richard,Richards,Richard.Richards@hotmail.ca
Jose,Mclaughlin,Jose.Mclaughlin@hotmail.ca
William,Valenzuela,William.Valenzuela@hotmail.ca
Kevin,Weiss,Kevin.Weiss@hotmail.ca
Jonathan,Brown,Jonathan.Brown@hotmail.ca
Craig,Davis,Craig.Davis@hotmail.ca
Timothy,Valenzuela,Timothy.Valenzuela@hotmail.ca
Suzanne,Lowe,Suzanne.Lowe@hotmail.ca
Donna,Oliver,Donna.Oliver@hotmail.ca
Samantha,Nguyen,Samantha.Nguyen@hotmail.ca
Jeffrey,Buchanan,Jeffrey.Buchanan@hotmail.ca
Jordan,Garcia,Jordan.Garcia@hotmail.ca
Christopher,Hampton,Christopher.Hampton@hotmail.ca
Robert,Marsh,Robert.Marsh@hotmail.ca
Kathy,Stanley,Kathy.Stanley@hotmail.ca
Cody,Vang,Cody.Vang@hotmail.ca
Shannon,Rosario,Shannon.Rosario@hotmail.ca
Christine,Campbell,Christine.Campbell@hotmail.ca
Shane,Banks,Shane.Banks@hotmail.ca
Jonathan,Santiago,Jonathan.Santiago@hotmail.ca
Jennifer,Peters,Jennifer.Peters@hotmail.ca
Cheryl,Powell,Cheryl.Powell@hotmail.ca
Kayla,Freeman,Kayla.Freeman@hotmail.ca
Benjamin,Howard,Benjamin.Howard@hotmail.ca
Pamela,Miller,Pamela.Miller@hotmail.ca
Joseph,Martin,Joseph.Martin@hotmail.ca
Ryan,Atkinson,Ryan.Atkinson@hotmail.ca
Cassandra,Williams,Cassandra.Williams@hotmail.ca
Virginia,Villarreal,Virginia.Villarreal@hotmail.ca
Travis,Smith,Travis.Smith@hotmail.ca
Sarah,Brown,Sarah.Brown@hotmail.ca
Mariah,Clay,Mariah.Clay@hotmail.ca
Heather,Murphy,Heather.Murphy@hotmail.ca
Deborah,Garcia,Deborah.Garcia@hotmail.ca
Sharon,Austin,Sharon.Austin@hotmail.ca
Darren,Oconnell,Darren.Oconnell@hotmail.ca
Maurice,Kelly,Maurice.Kelly@hotmail.ca
Danielle,Morris,Danielle.Morris@hotmail.ca
Brian,Morales,Brian.Morales@hotmail.ca
Lance,Smith,Lance.Smith@hotmail.ca
Christopher,Nelson,Christopher.Nelson@hotmail.ca
Michael,Thomas,Michael.Thomas@hotmail.ca
Andrea,Cunningham,Andrea.Cunningham@hotmail.ca
Mrs.,Ariel,Mrs..Ariel@hotmail.ca
Ryan,Powers,Ryan.Powers@hotmail.ca
Valerie,Ayala,Valerie.Ayala@hotmail.ca
David,Stevens,David.Stevens@hotmail.ca
David,Morales,David.Morales@hotmail.ca
John,Carter,John.Carter@hotmail.ca
Carl,Scott,Carl.Scott@hotmail.ca
Nina,Small,Nina.Small@hotmail.ca
Katherine,Gentry,Katherine.Gentry@hotmail.ca
Emily,Daugherty,Emily.Daugherty@hotmail.ca
Terry,Serrano,Terry.Serrano@hotmail.ca
Mrs.,Jennifer,Mrs..Jennifer@hotmail.ca
Erik,Ayers,Erik.Ayers@hotmail.ca
Jacob,Fuentes,Jacob.Fuentes@hotmail.ca
Jacob,Hill,Jacob.Hill@hotmail.ca
Marcus,Copeland,Marcus.Copeland@hotmail.ca
Brett,Lopez,Brett.Lopez@hotmail.ca
Bradley,Rivas,Bradley.Rivas@hotmail.ca
Alan,Garza,Alan.Garza@hotmail.ca
Andrea,Hensley,Andrea.Hensley@hotmail.ca
Michael,Dixon,Michael.Dixon@hotmail.ca
Thomas,Collins,Thomas.Collins@hotmail.ca
Darrell,Wilson,Darrell.Wilson@hotmail.ca
Denise,Sanders,Denise.Sanders@hotmail.ca
Shawn,Lynch,Shawn.Lynch@hotmail.ca
Daniel,Rowland,Daniel.Rowland@hotmail.ca
Steve,Sanchez,Steve.Sanchez@hotmail.ca
Mark,French,Mark.French@hotmail.ca
Samuel,Chapman,Samuel.Chapman@hotmail.ca
Christina,Marshall,Christina.Marshall@hotmail.ca
Richard,Johnson,Richard.Johnson@hotmail.ca
Heather,Arnold,Heather.Arnold@hotmail.ca
Eileen,Mills,Eileen.Mills@hotmail.ca
Tonya,English,Tonya.English@hotmail.ca
George,Gross,George.Gross@hotmail.ca
Connie,Davis,Connie.Davis@hotmail.ca
Darren,Moran,Darren.Moran@hotmail.ca
Courtney,Cole,Courtney.Cole@hotmail.ca
William,Cooper,William.Cooper@hotmail.ca
Amanda,Herrera,Amanda.Herrera@hotmail.ca
Harold,Simmons,Harold.Simmons@hotmail.ca
Diane,Jordan,Diane.Jordan@hotmail.ca
Riley,Byrd,Riley.Byrd@hotmail.ca
Cody,David,Cody.David@hotmail.ca
Jared,Dennis,Jared.Dennis@hotmail.ca
Anthony,Farrell,Anthony.Farrell@hotmail.ca
Kevin,Watson,Kevin.Watson@hotmail.ca
Kelly,Horton,Kelly.Horton@hotmail.ca
Daniel,Robinson,Daniel.Robinson@hotmail.ca
Christopher,Conley,Christopher.Conley@hotmail.ca
Paul,Spears,Paul.Spears@hotmail.ca
Angela,Wood,Angela.Wood@hotmail.ca
Tammy,Goodwin,Tammy.Goodwin@hotmail.ca
Don,Gomez,Don.Gomez@hotmail.ca
James,Johnson,James.Johnson@hotmail.ca
Kyle,Villarreal,Kyle.Villarreal@hotmail.ca
Nathan,Webb,Nathan.Webb@hotmail.ca
Carrie,Tucker,Carrie.Tucker@hotmail.ca
Megan,Chandler,Megan.Chandler@hotmail.ca
James,Ross,James.Ross@hotmail.ca
Daniel,Fuller,Daniel.Fuller@hotmail.ca
John,Collins,John.Collins@hotmail.ca
Janet,Carpenter,Janet.Carpenter@hotmail.ca
Bradley,White,Bradley.White@hotmail.ca
Shawn,Stevens,Shawn.Stevens@hotmail.ca
Alexandra,Johnson,Alexandra.Johnson@hotmail.ca
Katherine,Nunez,Katherine.Nunez@hotmail.ca
Carol,Li,Carol.Li@hotmail.ca
Leah,Vasquez,Leah.Vasquez@hotmail.ca
Erin,Atkins,Erin.Atkins@hotmail.ca
Hannah,Rojas,Hannah.Rojas@hotmail.ca
Ebony,Smith,Ebony.Smith@hotmail.ca
Curtis,Chapman,Curtis.Chapman@hotmail.ca
Anna,Mclaughlin,Anna.Mclaughlin@hotmail.ca
Gina,Barnes,Gina.Barnes@hotmail.ca
Carla,Hayden,Carla.Hayden@hotmail.ca
Jeremy,Taylor,Jeremy.Taylor@hotmail.ca
Rebecca,Johnson,Rebecca.Johnson@hotmail.ca
Rebecca,Thomas,Rebecca.Thomas@hotmail.ca
Brittany,Williams,Brittany.Williams@hotmail.ca
Daniel,Phillips,Daniel.Phillips@hotmail.ca
Amanda,Salazar,Amanda.Salazar@hotmail.ca
David,Mullins,David.Mullins@hotmail.ca
Deanna,Patel,Deanna.Patel@hotmail.ca
Diana,Huffman,Diana.Huffman@hotmail.ca
Christina,Sheppard,Christina.Sheppard@hotmail.ca
Margaret,Rose,Margaret.Rose@hotmail.ca
Shelia,Tran,Shelia.Tran@hotmail.ca
Matthew,Gray,Matthew.Gray@hotmail.ca
Richard,Juarez,Richard.Juarez@hotmail.ca
Billy,Osborne,Billy.Osborne@hotmail.ca
Sandra,Ferguson,Sandra.Ferguson@hotmail.ca
Jennifer,Bell,Jennifer.Bell@hotmail.ca
Robert,Powers,Robert.Powers@hotmail.ca
Kathryn,Miller,Kathryn.Miller@hotmail.ca
Henry,Marsh,Henry.Marsh@hotmail.ca
Timothy,Cruz,Timothy.Cruz@hotmail.ca
Christopher,Mitchell,Christopher.Mitchell@hotmail.ca
Scott,Pearson,Scott.Pearson@hotmail.ca
Jessica,Dean,Jessica.Dean@hotmail.ca
Steven,Thomas,Steven.Thomas@hotmail.ca
Deborah,Sanders,Deborah.Sanders@hotmail.ca
Michael,Perez,Michael.Perez@hotmail.ca
Timothy,Mccann,Timothy.Mccann@hotmail.ca
Elizabeth,Mendoza,Elizabeth.Mendoza@hotmail.ca
Kathleen,Gaines,Kathleen.Gaines@hotmail.ca
Teresa,Romero,Teresa.Romero@hotmail.ca
Kathleen,Turner,Kathleen.Turner@hotmail.ca
Melissa,Brown,Melissa.Brown@hotmail.ca
Michael,Solis,Michael.Solis@hotmail.ca
Christina,Sims,Christina.Sims@hotmail.ca
Amanda,Mcbride,Amanda.Mcbride@hotmail.ca
Anthony,Harris,Anthony.Harris@hotmail.ca
Heather,Graves,Heather.Graves@hotmail.ca
John,Stewart,John.Stewart@hotmail.ca
Tamara,Lopez,Tamara.Lopez@hotmail.ca
Barbara,Ballard,Barbara.Ballard@hotmail.ca
Mallory,Payne,Mallory.Payne@hotmail.ca
Andrew,Howard,Andrew.Howard@hotmail.ca
Tammy,Howell,Tammy.Howell@hotmail.ca
Bonnie,Fernandez,Bonnie.Fernandez@hotmail.ca
Gabriel,Aguilar,Gabriel.Aguilar@hotmail.ca
Robin,Hall,Robin.Hall@hotmail.ca
Morgan,Ashley,Morgan.Ashley@hotmail.ca
Caleb,Carey,Caleb.Carey@hotmail.ca
Lindsey,Shaw,Lindsey.Shaw@hotmail.ca
Thomas,Short,Thomas.Short@hotmail.ca
Jared,Diaz,Jared.Diaz@hotmail.ca
Brian,Hernandez,Brian.Hernandez@hotmail.ca
Theresa,Mccullough,Theresa.Mccullough@hotmail.ca
Victoria,White,Victoria.White@hotmail.ca
James,Mckenzie,James.Mckenzie@hotmail.ca
Mary,Ward,Mary.Ward@hotmail.ca
Charles,Williams,Charles.Williams@hotmail.ca
Taylor,Freeman,Taylor.Freeman@hotmail.ca
Brian,Wise,Brian.Wise@hotmail.ca
Teresa,Burton,Teresa.Burton@hotmail.ca
Bridget,Welch,Bridget.Welch@hotmail.ca
Isaiah,Wilson,Isaiah.Wilson@hotmail.ca
Shane,Wade,Shane.Wade@hotmail.ca
Shawn,Reid,Shawn.Reid@hotmail.ca
Shelby,Clark,Shelby.Clark@hotmail.ca
Tina,Soto,Tina.Soto@hotmail.ca
Darius,Nielsen,Darius.Nielsen@hotmail.ca
Ralph,Lewis,Ralph.Lewis@hotmail.ca
Timothy,Craig,Timothy.Craig@hotmail.ca
Robin,Webb,Robin.Webb@hotmail.ca
Tara,Nelson,Tara.Nelson@hotmail.ca
Chelsea,Griffith,Chelsea.Griffith@hotmail.ca
Kayla,Walters,Kayla.Walters@hotmail.ca
Christopher,Delacruz,Christopher.Delacruz@hotmail.ca
David,Lewis,David.Lewis@hotmail.ca
Katherine,Lewis,Katherine.Lewis@hotmail.ca
Chelsea,Ramos,Chelsea.Ramos@hotmail.ca
Christina,Park,Christina.Park@hotmail.ca
Kaitlyn,Crosby,Kaitlyn.Crosby@hotmail.ca
Aaron,Walker,Aaron.Walker@hotmail.ca
Valerie,Ortiz,Valerie.Ortiz@hotmail.ca
Melissa,Monroe,Melissa.Monroe@hotmail.ca
Jason,Woods,Jason.Woods@hotmail.ca
Lisa,Jones,Lisa.Jones@hotmail.ca
Mrs.,Cassandra,Mrs..Cassandra@hotmail.ca
Tammy,Patterson,Tammy.Patterson@hotmail.ca
Jill,Mills,Jill.Mills@hotmail.ca
Carla,Crawford,Carla.Crawford@hotmail.ca
Jeremiah,Alvarez,Jeremiah.Alvarez@hotmail.ca
Shari,Payne,Shari.Payne@hotmail.ca
Kayla,Taylor,Kayla.Taylor@hotmail.ca
Jennifer,Roberts,Jennifer.Roberts@hotmail.ca
Kimberly,Rogers,Kimberly.Rogers@hotmail.ca
Larry,Harris,Larry.Harris@hotmail.ca
Valerie,Stewart,Valerie.Stewart@hotmail.ca
Melissa,Guzman,Melissa.Guzman@hotmail.ca
John,Kennedy,John.Kennedy@hotmail.ca
Justin,Ayers,Justin.Ayers@hotmail.ca
Laura,Rocha,Laura.Rocha@hotmail.ca
Jessica,Schwartz,Jessica.Schwartz@hotmail.ca
Amber,Perez,Amber.Perez@hotmail.ca
Brianna,Lopez,Brianna.Lopez@hotmail.ca
Jessica,Holland,Jessica.Holland@hotmail.ca
Jessica,Sandoval,Jessica.Sandoval@hotmail.ca
Ian,Sharp,Ian.Sharp@hotmail.ca
Tiffany,Ponce,Tiffany.Ponce@hotmail.ca
Cody,Burns,Cody.Burns@hotmail.ca
Kelly,Crosby,Kelly.Crosby@hotmail.ca
Ruth,Kidd,Ruth.Kidd@hotmail.ca
Katherine,Mclean,Katherine.Mclean@hotmail.ca
Michael,Scott,Michael.Scott@hotmail.ca
Jessica,Suarez,Jessica.Suarez@hotmail.ca
Judy,Montoya,Judy.Montoya@hotmail.ca
David,Oconnor,David.Oconnor@hotmail.ca
Traci,Mckee,Traci.Mckee@hotmail.ca
Jenny,Oconnell,Jenny.Oconnell@hotmail.ca
Kim,Gray,Kim.Gray@hotmail.ca
Michael,Ward,Michael.Ward@hotmail.ca
Matthew,Wilson,Matthew.Wilson@hotmail.ca
Anthony,Ramos,Anthony.Ramos@hotmail.ca
Jill,Jordan,Jill.Jordan@hotmail.ca
Benjamin,Duncan,Benjamin.Duncan@hotmail.ca
Tony,Estrada,Tony.Estrada@hotmail.ca
Courtney,Ramirez,Courtney.Ramirez@hotmail.ca
Tammy,Gilbert,Tammy.Gilbert@hotmail.ca
Melissa,Mckee,Melissa.Mckee@hotmail.ca
Jill,Scott,Jill.Scott@hotmail.ca
Matthew,Dunn,Matthew.Dunn@hotmail.ca
Jeffrey,Wagner,Jeffrey.Wagner@hotmail.ca
Gloria,Perez,Gloria.Perez@hotmail.ca
Melvin,Ali,Melvin.Ali@hotmail.ca
Miranda,Newton,Miranda.Newton@hotmail.ca
Michelle,Hamilton,Michelle.Hamilton@hotmail.ca
Melinda,Cole,Melinda.Cole@hotmail.ca
Vanessa,Thomas,Vanessa.Thomas@hotmail.ca
Greg,Medina,Greg.Medina@hotmail.ca
Kimberly,Martin,Kimberly.Martin@hotmail.ca
Joseph,Martin,Joseph.Martin@hotmail.ca
Chad,White,Chad.White@hotmail.ca
Jared,Hayes,Jared.Hayes@hotmail.ca
Mark,Martin,Mark.Martin@hotmail.ca
Carla,Tran,Carla.Tran@hotmail.ca
Alex,Lopez,Alex.Lopez@hotmail.ca
Emily,George,Emily.George@hotmail.ca
Devin,Olson,Devin.Olson@hotmail.ca
Andrew,Lane,Andrew.Lane@hotmail.ca
Sarah,Walter,Sarah.Walter@hotmail.ca
Karen,Vaughn,Karen.Vaughn@hotmail.ca
Caroline,Mann,Caroline.Mann@hotmail.ca
Jordan,Short,Jordan.Short@hotmail.ca
Donna,Taylor,Donna.Taylor@hotmail.ca
Maria,Harris,Maria.Harris@hotmail.ca
Zachary,Hawkins,Zachary.Hawkins@hotmail.ca
Jenna,Young,Jenna.Young@hotmail.ca
Joseph,Allen,Joseph.Allen@hotmail.ca
Benjamin,Ruiz,Benjamin.Ruiz@hotmail.ca
Maurice,Carter,Maurice.Carter@hotmail.ca
Tammy,Myers,Tammy.Myers@hotmail.ca
Sandra,Lewis,Sandra.Lewis@hotmail.ca
Kristopher,Carson,Kristopher.Carson@hotmail.ca
Justin,Hodges,Justin.Hodges@hotmail.ca
Erin,Blanchard,Erin.Blanchard@hotmail.ca
Ryan,Hoffman,Ryan.Hoffman@hotmail.ca
Justin,Carr,Justin.Carr@hotmail.ca
Tiffany,Luna,Tiffany.Luna@hotmail.ca
Kayla,Robinson,Kayla.Robinson@hotmail.ca
Jacob,Green,Jacob.Green@hotmail.ca
Tracy,Morales,Tracy.Morales@hotmail.ca
Danny,Gomez,Danny.Gomez@hotmail.ca
Jason,Hernandez,Jason.Hernandez@hotmail.ca
Michelle,Griffin,Michelle.Griffin@hotmail.ca
Douglas,Owen,Douglas.Owen@hotmail.ca
James,Mathis,James.Mathis@hotmail.ca
Alexis,Sullivan,Alexis.Sullivan@hotmail.ca
Betty,Travis,Betty.Travis@hotmail.ca
Tracey,Haley,Tracey.Haley@hotmail.ca
Tracy,Mccarthy,Tracy.Mccarthy@hotmail.ca
Teresa,Webb,Teresa.Webb@hotmail.ca
Melissa,Cohen,Melissa.Cohen@hotmail.ca
Gabriel,Johnson,Gabriel.Johnson@hotmail.ca
Glenda,Hunter,Glenda.Hunter@hotmail.ca
David,Quinn,David.Quinn@hotmail.ca
Mark,Hill,Mark.Hill@hotmail.ca
Lisa,Rose,Lisa.Rose@hotmail.ca
Keith,Cummings,Keith.Cummings@hotmail.ca
Peter,Haney,Peter.Haney@hotmail.ca
John,Warren,John.Warren@hotmail.ca
Alicia,Fitzgerald,Alicia.Fitzgerald@hotmail.ca
John,Brown,John.Brown@hotmail.ca
Tiffany,Williams,Tiffany.Williams@hotmail.ca
Alexander,Norris,Alexander.Norris@hotmail.ca
Victoria,Murray,Victoria.Murray@hotmail.ca
Christopher,Young,Christopher.Young@hotmail.ca
Paul,Branch,Paul.Branch@hotmail.ca
Anthony,Hayden,Anthony.Hayden@hotmail.ca
Yolanda,West,Yolanda.West@hotmail.ca
Angie,Newton,Angie.Newton@hotmail.ca
Christina,Garcia,Christina.Garcia@hotmail.ca
Charles,Luna,Charles.Luna@hotmail.ca
Kimberly,Schultz,Kimberly.Schultz@hotmail.ca
Linda,Hawkins,Linda.Hawkins@hotmail.ca
Eric,Bradley,Eric.Bradley@hotmail.ca
Marilyn,Smith,Marilyn.Smith@hotmail.ca
Barbara,Bell,Barbara.Bell@hotmail.ca
Tyler,Lutz,Tyler.Lutz@hotmail.ca
Amanda,Gonzalez,Amanda.Gonzalez@hotmail.ca
Cindy,Wiley,Cindy.Wiley@hotmail.ca
Tammie,Scott,Tammie.Scott@hotmail.ca
Ryan,Lawson,Ryan.Lawson@hotmail.ca
Lawrence,Ramsey,Lawrence.Ramsey@hotmail.ca
Colleen,Wells,Colleen.Wells@hotmail.ca
Krista,Rojas,Krista.Rojas@hotmail.ca
Johnny,Warren,Johnny.Warren@hotmail.ca
Stacey,Johnston,Stacey.Johnston@hotmail.ca
Erin,Velez,Erin.Velez@hotmail.ca
Thomas,Payne,Thomas.Payne@hotmail.ca
Laura,Drake,Laura.Drake@hotmail.ca
Paula,Gonzalez,Paula.Gonzalez@hotmail.ca
Michele,Williams,Michele.Williams@hotmail.ca
Samantha,Nichols,Samantha.Nichols@hotmail.ca
John,Lewis,John.Lewis@hotmail.ca
Gabrielle,Johnson,Gabrielle.Johnson@hotmail.ca
Lisa,Bell,Lisa.Bell@hotmail.ca
Christopher,Jackson,Christopher.Jackson@hotmail.ca
Antonio,Paul,Antonio.Paul@hotmail.ca
Victoria,Lee,Victoria.Lee@hotmail.ca
Kathleen,Mitchell,Kathleen.Mitchell@hotmail.ca
Kerri,Ross,Kerri.Ross@hotmail.ca
Andres,Miller,Andres.Miller@hotmail.ca
Gabriela,Miller,Gabriela.Miller@hotmail.ca
Calvin,Hurley,Calvin.Hurley@hotmail.ca
Brenda,Kerr,Brenda.Kerr@hotmail.ca
Brandon,Black,Brandon.Black@hotmail.ca
Eric,Lewis,Eric.Lewis@hotmail.ca
Jordan,Brooks,Jordan.Brooks@hotmail.ca
Chelsea,Ruiz,Chelsea.Ruiz@hotmail.ca
Carlos,Parrish,Carlos.Parrish@hotmail.ca
Donna,Mitchell,Donna.Mitchell@hotmail.ca
Rachael,Hill,Rachael.Hill@hotmail.ca
Amy,James,Amy.James@hotmail.ca
Meghan,Campbell,Meghan.Campbell@hotmail.ca
Sharon,Scott,Sharon.Scott@hotmail.ca
Jennifer,Larson,Jennifer.Larson@hotmail.ca
Sean,Hawkins,Sean.Hawkins@hotmail.ca
Cindy,Bartlett,Cindy.Bartlett@hotmail.ca
Derrick,Carter,Derrick.Carter@hotmail.ca
Marissa,Coleman,Marissa.Coleman@hotmail.ca
Gregory,Brown,Gregory.Brown@hotmail.ca
Ernest,Contreras,Ernest.Contreras@hotmail.ca
Barbara,Blackburn,Barbara.Blackburn@hotmail.ca
Tiffany,Wood,Tiffany.Wood@hotmail.ca
Karen,Davis,Karen.Davis@hotmail.ca
Jeffrey,Jackson,Jeffrey.Jackson@hotmail.ca
Brandon,Wall,Brandon.Wall@hotmail.ca
Jacob,Davis,Jacob.Davis@hotmail.ca
Mary,Joyce,Mary.Joyce@hotmail.ca
Sarah,Washington,Sarah.Washington@hotmail.ca
Ashley,Adams,Ashley.Adams@hotmail.ca
Bethany,Griffin,Bethany.Griffin@hotmail.ca
Heidi,Williams,Heidi.Williams@hotmail.ca
Pam,Lewis,Pam.Lewis@hotmail.ca
Samuel,White,Samuel.White@hotmail.ca
Sarah,Brown,Sarah.Brown@hotmail.ca
James,Wilson,James.Wilson@hotmail.ca
Lauren,Donovan,Lauren.Donovan@hotmail.ca
Denise,Stewart,Denise.Stewart@hotmail.ca
George,Price,George.Price@hotmail.ca
Christopher,Hicks,Christopher.Hicks@hotmail.ca
Shawn,Martinez,Shawn.Martinez@hotmail.ca
Beverly,Gregory,Beverly.Gregory@hotmail.ca
Terry,Hudson,Terry.Hudson@hotmail.ca
Sarah,Merritt,Sarah.Merritt@hotmail.ca
Michael,Foster,Michael.Foster@hotmail.ca
Michael,Lewis,Michael.Lewis@hotmail.ca
Alicia,Meyer,Alicia.Meyer@hotmail.ca
Melissa,Fitzgerald,Melissa.Fitzgerald@hotmail.ca
Charles,Cooper,Charles.Cooper@hotmail.ca
Kimberly,Edwards,Kimberly.Edwards@hotmail.ca
Kevin,Perry,Kevin.Perry@hotmail.ca
Billy,Kemp,Billy.Kemp@hotmail.ca
Sarah,Knox,Sarah.Knox@hotmail.ca
Carol,Walker,Carol.Walker@hotmail.ca
Lori,Malone,Lori.Malone@hotmail.ca
Stephanie,Flowers,Stephanie.Flowers@hotmail.ca
Heather,Clark,Heather.Clark@hotmail.ca
Dana,Roman,Dana.Roman@hotmail.ca
William,Johnson,William.Johnson@hotmail.ca
Brian,Joseph,Brian.Joseph@hotmail.ca
Christian,Miller,Christian.Miller@hotmail.ca
Richard,Bennett,Richard.Bennett@hotmail.ca
Anthony,Morales,Anthony.Morales@hotmail.ca
Ashley,Thompson,Ashley.Thompson@hotmail.ca
Michael,Wolfe,Michael.Wolfe@hotmail.ca
Austin,Tucker,Austin.Tucker@hotmail.ca
Laura,Braun,Laura.Braun@hotmail.ca
Michael,Lucero,Michael.Lucero@hotmail.ca
Ronald,Kelly,Ronald.Kelly@hotmail.ca
Kevin,Parker,Kevin.Parker@hotmail.ca
Elizabeth,Casey,Elizabeth.Casey@hotmail.ca
Ryan,Thompson,Ryan.Thompson@hotmail.ca
Elizabeth,Malone,Elizabeth.Malone@hotmail.ca
Jacqueline,Campbell,Jacqueline.Campbell@hotmail.ca
Harold,Luna,Harold.Luna@hotmail.ca
Erica,Wu,Erica.Wu@hotmail.ca
Linda,White,Linda.White@hotmail.ca
Tiffany,Parrish,Tiffany.Parrish@hotmail.ca
Michele,Castaneda,Michele.Castaneda@hotmail.ca
Haley,Webster,Haley.Webster@hotmail.ca
Joanne,Lee,Joanne.Lee@hotmail.ca
Katrina,White,Katrina.White@hotmail.ca
William,Thomas,William.Thomas@hotmail.ca
Amber,Jimenez,Amber.Jimenez@hotmail.ca
Evan,Woods,Evan.Woods@hotmail.ca
Brian,Caldwell,Brian.Caldwell@hotmail.ca
Alexis,Wright,Alexis.Wright@hotmail.ca
Jodi,Guerra,Jodi.Guerra@hotmail.ca
Gary,Lewis,Gary.Lewis@hotmail.ca
Danny,Miller,Danny.Miller@hotmail.ca
Thomas,Jones,Thomas.Jones@hotmail.ca
Joshua,Fisher,Joshua.Fisher@hotmail.ca
Laura,Mcgee,Laura.Mcgee@hotmail.ca
Donna,Rodriguez,Donna.Rodriguez@hotmail.ca
Patrick,Flores,Patrick.Flores@hotmail.ca
Jennifer,Knight,Jennifer.Knight@hotmail.ca
Joshua,Harper,Joshua.Harper@hotmail.ca
Michelle,Moore,Michelle.Moore@hotmail.ca
Timothy,Hutchinson,Timothy.Hutchinson@hotmail.ca
Belinda,Hunter,Belinda.Hunter@hotmail.ca
Linda,Cox,Linda.Cox@hotmail.ca
Rachel,Leon,Rachel.Leon@hotmail.ca
Thomas,Cruz,Thomas.Cruz@hotmail.ca
Ms.,Rachel,Ms..Rachel@hotmail.ca
Jeffrey,Jones,Jeffrey.Jones@hotmail.ca
Lindsey,Lyons,Lindsey.Lyons@hotmail.ca
Deborah,Garcia,Deborah.Garcia@hotmail.ca
Aaron,Bennett,Aaron.Bennett@hotmail.ca
Erica,Buchanan,Erica.Buchanan@hotmail.ca
Stephanie,Hicks,Stephanie.Hicks@hotmail.ca
Cheryl,Brown,Cheryl.Brown@hotmail.ca
Theresa,Odom,Theresa.Odom@hotmail.ca
Anthony,Lucas,Anthony.Lucas@hotmail.ca
Stacey,Mueller,Stacey.Mueller@hotmail.ca
Thomas,Jones,Thomas.Jones@hotmail.ca
Johnny,Shields,Johnny.Shields@hotmail.ca
Patricia,Webb,Patricia.Webb@hotmail.ca
Cody,Williams,Cody.Williams@hotmail.ca
Christine,Lucero,Christine.Lucero@hotmail.ca
Maurice,Howard,Maurice.Howard@hotmail.ca
Adam,Dennis,Adam.Dennis@hotmail.ca
Anthony,Alexander,Anthony.Alexander@hotmail.ca
Lisa,Singh,Lisa.Singh@hotmail.ca
Joseph,Brown,Joseph.Brown@hotmail.ca
Andrea,Smith,Andrea.Smith@hotmail.ca
Cody,Aguilar,Cody.Aguilar@hotmail.ca
Jacob,Lee,Jacob.Lee@hotmail.ca
Rachel,Collins,Rachel.Collins@hotmail.ca
Sarah,Li,Sarah.Li@hotmail.ca
Wayne,Wall,Wayne.Wall@hotmail.ca
Joseph,Myers,Joseph.Myers@hotmail.ca
Sabrina,Brown,Sabrina.Brown@hotmail.ca
Linda,Ballard,Linda.Ballard@hotmail.ca
Steven,White,Steven.White@hotmail.ca
Ivan,Wright,Ivan.Wright@hotmail.ca
Jeffrey,Richards,Jeffrey.Richards@hotmail.ca
Aaron,Gardner,Aaron.Gardner@hotmail.ca
Philip,Jones,Philip.Jones@hotmail.ca
Anna,Smith,Anna.Smith@hotmail.ca
Nancy,Sanchez,Nancy.Sanchez@hotmail.ca
Brittney,Shields,Brittney.Shields@hotmail.ca
Daniel,Kim,Daniel.Kim@hotmail.ca
Phillip,Freeman,Phillip.Freeman@hotmail.ca
Gary,Morris,Gary.Morris@hotmail.ca
Amber,Jordan,Amber.Jordan@hotmail.ca
Cody,Brady,Cody.Brady@hotmail.ca
Alan,Simpson,Alan.Simpson@hotmail.ca
Samuel,Marsh,Samuel.Marsh@hotmail.ca
Sara,King,Sara.King@hotmail.ca
Wendy,Brewer,Wendy.Brewer@hotmail.ca
Elizabeth,Roy,Elizabeth.Roy@hotmail.ca
Amber,Hess,Amber.Hess@hotmail.ca
Gloria,Nelson,Gloria.Nelson@hotmail.ca
Jennifer,Donovan,Jennifer.Donovan@hotmail.ca
Yolanda,Gibson,Yolanda.Gibson@hotmail.ca
Dylan,Garcia,Dylan.Garcia@hotmail.ca
Dustin,Holmes,Dustin.Holmes@hotmail.ca
Timothy,Blake,Timothy.Blake@hotmail.ca
David,Ellis,David.Ellis@hotmail.ca
Stephanie,Moore,Stephanie.Moore@hotmail.ca
Judy,Padilla,Judy.Padilla@hotmail.ca
Elizabeth,Browning,Elizabeth.Browning@hotmail.ca
Melanie,Lopez,Melanie.Lopez@hotmail.ca
Sonya,Johnson,Sonya.Johnson@hotmail.ca
Jennifer,Ruiz,Jennifer.Ruiz@hotmail.ca
Samantha,Wolf,Samantha.Wolf@hotmail.ca
Marissa,Flores,Marissa.Flores@hotmail.ca
Donna,Ortiz,Donna.Ortiz@hotmail.ca
Danielle,Robles,Danielle.Robles@hotmail.ca
Julia,Watts,Julia.Watts@hotmail.ca
Sarah,Meadows,Sarah.Meadows@hotmail.ca
Amy,Reyes,Amy.Reyes@hotmail.ca
Melanie,Perry,Melanie.Perry@hotmail.ca
Henry,Johnson,Henry.Johnson@hotmail.ca
Elizabeth,Allen,Elizabeth.Allen@hotmail.ca
Brian,Warner,Brian.Warner@hotmail.ca
Andrea,Whitehead,Andrea.Whitehead@hotmail.ca
Raymond,Boyer,Raymond.Boyer@hotmail.ca
Jesse,Farmer,Jesse.Farmer@hotmail.ca
Jill,Avila,Jill.Avila@hotmail.ca
Nicole,Price,Nicole.Price@hotmail.ca
David,Velasquez,David.Velasquez@hotmail.ca
Samantha,Rowland,Samantha.Rowland@hotmail.ca
Bobby,Gutierrez,Bobby.Gutierrez@hotmail.ca
Anthony,Carpenter,Anthony.Carpenter@hotmail.ca
Angelica,Miller,Angelica.Miller@hotmail.ca
Lisa,Solomon,Lisa.Solomon@hotmail.ca
Jacob,Estrada,Jacob.Estrada@hotmail.ca
Casey,Cabrera,Casey.Cabrera@hotmail.ca
Elizabeth,Chang,Elizabeth.Chang@hotmail.ca
Yvonne,Zamora,Yvonne.Zamora@hotmail.ca
Ronald,Medina,Ronald.Medina@hotmail.ca
Wesley,Thomas,Wesley.Thomas@hotmail.ca
Brendan,Diaz,Brendan.Diaz@hotmail.ca
Janice,Stout,Janice.Stout@hotmail.ca
John,Foster,John.Foster@hotmail.ca
Javier,Dennis,Javier.Dennis@hotmail.ca
Anne,Cooper,Anne.Cooper@hotmail.ca
Matthew,Fowler,Matthew.Fowler@hotmail.ca
Stephen,Patton,Stephen.Patton@hotmail.ca
Tommy,Haynes,Tommy.Haynes@hotmail.ca
Mary,Flores,Mary.Flores@hotmail.ca
Christopher,Gonzalez,Christopher.Gonzalez@hotmail.ca
Tanya,Jackson,Tanya.Jackson@hotmail.ca
Bobby,Ryan,Bobby.Ryan@hotmail.ca
Catherine,Porter,Catherine.Porter@hotmail.ca
Ronald,Stephens,Ronald.Stephens@hotmail.ca
Matthew,Fox,Matthew.Fox@hotmail.ca
Andrew,Moore,Andrew.Moore@hotmail.ca
Michael,Peterson,Michael.Peterson@hotmail.ca
Thomas,Bradley,Thomas.Bradley@hotmail.ca
Carrie,Reese,Carrie.Reese@hotmail.ca
Brian,James,Brian.James@hotmail.ca
William,Torres,William.Torres@hotmail.ca
Mark,Logan,Mark.Logan@hotmail.ca
Ruth,Tucker,Ruth.Tucker@hotmail.ca
Joshua,Wilson,Joshua.Wilson@hotmail.ca
Amanda,Lyons,Amanda.Lyons@hotmail.ca
Anthony,Ramirez,Anthony.Ramirez@hotmail.ca
David,Gibson,David.Gibson@hotmail.ca
Rebecca,Allen,Rebecca.Allen@hotmail.ca
Michael,Newman,Michael.Newman@hotmail.ca
Jennifer,Mitchell,Jennifer.Mitchell@hotmail.ca
Shawn,Gibbs,Shawn.Gibbs@hotmail.ca
Alexis,Harvey,Alexis.Harvey@hotmail.ca
Catherine,Johnson,Catherine.Johnson@hotmail.ca
Andrew,Kelly,Andrew.Kelly@hotmail.ca
Amy,Arnold,Amy.Arnold@hotmail.ca
Colton,Meadows,Colton.Meadows@hotmail.ca
Ashley,Cook,Ashley.Cook@hotmail.ca
Robin,Coffey,Robin.Coffey@hotmail.ca
Anne,Frey,Anne.Frey@hotmail.ca
Justin,Rogers,Justin.Rogers@hotmail.ca
Nancy,Jones,Nancy.Jones@hotmail.ca
Dana,May,Dana.May@hotmail.ca
Kristin,Griffin,Kristin.Griffin@hotmail.ca
Jackie,Santana,Jackie.Santana@hotmail.ca
Jason,Liu,Jason.Liu@hotmail.ca
Luis,May,Luis.May@hotmail.ca
Zachary,Gutierrez,Zachary.Gutierrez@hotmail.ca
Michael,Sawyer,Michael.Sawyer@hotmail.ca
Michael,Herrera,Michael.Herrera@hotmail.ca
Matthew,Bryant,Matthew.Bryant@hotmail.ca
Patricia,Juarez,Patricia.Juarez@hotmail.ca
Christopher,Thomas,Christopher.Thomas@hotmail.ca
Colleen,Patterson,Colleen.Patterson@hotmail.ca
Mary,Moore,Mary.Moore@hotmail.ca
Stephen,Austin,Stephen.Austin@hotmail.ca
Rebecca,Lee,Rebecca.Lee@hotmail.ca
Jerry,Hoffman,Jerry.Hoffman@hotmail.ca
Geoffrey,Koch,Geoffrey.Koch@hotmail.ca
Gina,Garcia,Gina.Garcia@hotmail.ca
Kathy,Fleming,Kathy.Fleming@hotmail.ca
Teresa,Frey,Teresa.Frey@hotmail.ca
Martha,Washington,Martha.Washington@hotmail.ca
Allen,Goodwin,Allen.Goodwin@hotmail.ca
Paige,Perkins,Paige.Perkins@hotmail.ca
Brandon,Jackson,Brandon.Jackson@hotmail.ca
Elijah,Thompson,Elijah.Thompson@hotmail.ca
David,Schneider,David.Schneider@hotmail.ca
James,Brown,James.Brown@hotmail.ca
Samantha,Schneider,Samantha.Schneider@hotmail.ca
Kevin,Wright,Kevin.Wright@hotmail.ca
Dakota,Chavez,Dakota.Chavez@hotmail.ca
Stephanie,Moran,Stephanie.Moran@hotmail.ca
Brian,Walters,Brian.Walters@hotmail.ca
Stephanie,Morales,Stephanie.Morales@hotmail.ca
Lindsey,Cabrera,Lindsey.Cabrera@hotmail.ca
Ms.,Katherine,Ms..Katherine@hotmail.ca
Stephanie,Neal,Stephanie.Neal@hotmail.ca
Marie,Stewart,Marie.Stewart@hotmail.ca
Sarah,Pacheco,Sarah.Pacheco@hotmail.ca
Mary,Tate,Mary.Tate@hotmail.ca
Richard,Oliver,Richard.Oliver@hotmail.ca
Stephanie,Rodgers,Stephanie.Rodgers@hotmail.ca
Jennifer,Harrison,Jennifer.Harrison@hotmail.ca
Brian,Perez,Brian.Perez@hotmail.ca
Andre,Rogers,Andre.Rogers@hotmail.ca
Raymond,Acosta,Raymond.Acosta@hotmail.ca
Matthew,Davis,Matthew.Davis@hotmail.ca
Katherine,Martinez,Katherine.Martinez@hotmail.ca
Anthony,Webb,Anthony.Webb@hotmail.ca
William,Johnson,William.Johnson@hotmail.ca
Desiree,Grimes,Desiree.Grimes@hotmail.ca
Melissa,Clay,Melissa.Clay@hotmail.ca
Ralph,Brown,Ralph.Brown@hotmail.ca
Shawn,Huynh,Shawn.Huynh@hotmail.ca
Jon,Hunter,Jon.Hunter@hotmail.ca
Rita,Brown,Rita.Brown@hotmail.ca
Leslie,Wallace,Leslie.Wallace@hotmail.ca
Jeremy,Young,Jeremy.Young@hotmail.ca
Michael,Hardy,Michael.Hardy@hotmail.ca
Mitchell,Gregory,Mitchell.Gregory@hotmail.ca
Warren,Stanley,Warren.Stanley@hotmail.ca
Kimberly,Jones,Kimberly.Jones@hotmail.ca
George,Owen,George.Owen@hotmail.ca
Joe,Warren,Joe.Warren@hotmail.ca
Terry,Fisher,Terry.Fisher@hotmail.ca
Regina,Cannon,Regina.Cannon@hotmail.ca
Alexandria,Porter,Alexandria.Porter@hotmail.ca
William,Garcia,William.Garcia@hotmail.ca
William,Cannon,William.Cannon@hotmail.ca
Evelyn,Martinez,Evelyn.Martinez@hotmail.ca
Anna,Williamson,Anna.Williamson@hotmail.ca
John,Hampton,John.Hampton@hotmail.ca
Sarah,Sanchez,Sarah.Sanchez@hotmail.ca
Patrick,Skinner,Patrick.Skinner@hotmail.ca
Robert,Pope,Robert.Pope@hotmail.ca
Robert,Kidd,Robert.Kidd@hotmail.ca
Phillip,Bryan,Phillip.Bryan@hotmail.ca
Brandon,Smith,Brandon.Smith@hotmail.ca
Michael,Hatfield,Michael.Hatfield@hotmail.ca
Sharon,Bridges,Sharon.Bridges@hotmail.ca
Kim,Haley,Kim.Haley@hotmail.ca
Ryan,Mccarthy,Ryan.Mccarthy@hotmail.ca
Garrett,Rasmussen,Garrett.Rasmussen@hotmail.ca
Heather,Moreno,Heather.Moreno@hotmail.ca
Tiffany,Hardin,Tiffany.Hardin@hotmail.ca
Christopher,Mack,Christopher.Mack@hotmail.ca
Carrie,Freeman,Carrie.Freeman@hotmail.ca
Gregory,Miller,Gregory.Miller@hotmail.ca
Matthew,Owens,Matthew.Owens@hotmail.ca
Michelle,Kane,Michelle.Kane@hotmail.ca
Joseph,Simon,Joseph.Simon@hotmail.ca
Julie,Coleman,Julie.Coleman@hotmail.ca
Travis,Rodriguez,Travis.Rodriguez@hotmail.ca
Jeff,Wells,Jeff.Wells@hotmail.ca
Margaret,Castro,Margaret.Castro@hotmail.ca
Ashley,Perez,Ashley.Perez@hotmail.ca
Daniel,Allen,Daniel.Allen@hotmail.ca
Dana,Klein,Dana.Klein@hotmail.ca
Cynthia,Wolf,Cynthia.Wolf@hotmail.ca
Jimmy,Shepard,Jimmy.Shepard@hotmail.ca
Jesse,Gardner,Jesse.Gardner@hotmail.ca
Vincent,Simmons,Vincent.Simmons@hotmail.ca
Justin,Garza,Justin.Garza@hotmail.ca
Helen,Leach,Helen.Leach@hotmail.ca
Stephanie,Lawrence,Stephanie.Lawrence@hotmail.ca
Mary,Scott,Mary.Scott@hotmail.ca
Helen,Moreno,Helen.Moreno@hotmail.ca
John,Lewis,John.Lewis@hotmail.ca
Angela,Butler,Angela.Butler@hotmail.ca
James,King,James.King@hotmail.ca
James,Garcia,James.Garcia@hotmail.ca
Mark,Lee,Mark.Lee@hotmail.ca
Dawn,Turner,Dawn.Turner@hotmail.ca
Stuart,Armstrong,Stuart.Armstrong@hotmail.ca
Kelsey,Thornton,Kelsey.Thornton@hotmail.ca
Barbara,Bates,Barbara.Bates@hotmail.ca
Natalie,Torres,Natalie.Torres@hotmail.ca
James,Anderson,James.Anderson@hotmail.ca
Veronica,Curtis,Veronica.Curtis@hotmail.ca
Samantha,Cruz,Samantha.Cruz@hotmail.ca
Amy,Williams,Amy.Williams@hotmail.ca
Stephen,Ferguson,Stephen.Ferguson@hotmail.ca
Walter,Olson,Walter.Olson@hotmail.ca
Daniel,Jones,Daniel.Jones@hotmail.ca
Brandon,Medina,Brandon.Medina@hotmail.ca
Danielle,Campos,Danielle.Campos@hotmail.ca
Shane,Compton,Shane.Compton@hotmail.ca
Melinda,Ramirez,Melinda.Ramirez@hotmail.ca
Mitchell,Olson,Mitchell.Olson@hotmail.ca
Nicholas,Kaufman,Nicholas.Kaufman@hotmail.ca
Jessica,Reilly,Jessica.Reilly@hotmail.ca
Tonya,Dawson,Tonya.Dawson@hotmail.ca
Stephen,Lawrence,Stephen.Lawrence@hotmail.ca
Jessica,Saunders,Jessica.Saunders@hotmail.ca
Justin,Mathews,Justin.Mathews@hotmail.ca
Kathleen,Stephenson,Kathleen.Stephenson@hotmail.ca
Tony,Buchanan,Tony.Buchanan@hotmail.ca
Austin,Webb,Austin.Webb@hotmail.ca
Crystal,Newton,Crystal.Newton@hotmail.ca
Jackie,Austin,Jackie.Austin@hotmail.ca
Misty,Baker,Misty.Baker@hotmail.ca
Mark,Baxter,Mark.Baxter@hotmail.ca
Cheryl,Smith,Cheryl.Smith@hotmail.ca
Judith,Beltran,Judith.Beltran@hotmail.ca
Joshua,Pearson,Joshua.Pearson@hotmail.ca
Douglas,Jackson,Douglas.Jackson@hotmail.ca
Tara,Gonzalez,Tara.Gonzalez@hotmail.ca
William,Green,William.Green@hotmail.ca
Natalie,Hudson,Natalie.Hudson@hotmail.ca
Richard,Nelson,Richard.Nelson@hotmail.ca
Paul,Reyes,Paul.Reyes@hotmail.ca
Jason,Lucero,Jason.Lucero@hotmail.ca
Christina,Smith,Christina.Smith@hotmail.ca
Natasha,Lee,Natasha.Lee@hotmail.ca
Sara,Knight,Sara.Knight@hotmail.ca
Nicole,Rice,Nicole.Rice@hotmail.ca
Patrick,Palmer,Patrick.Palmer@hotmail.ca
Richard,Reed,Richard.Reed@hotmail.ca
Melissa,Hale,Melissa.Hale@hotmail.ca
Matthew,Jones,Matthew.Jones@hotmail.ca
Andrew,Faulkner,Andrew.Faulkner@hotmail.ca
Jenna,Johns,Jenna.Johns@hotmail.ca
Heather,Thomas,Heather.Thomas@hotmail.ca
Jamie,Hunt,Jamie.Hunt@hotmail.ca
Sarah,Green,Sarah.Green@hotmail.ca
Anna,Jones,Anna.Jones@hotmail.ca
Jacob,Martinez,Jacob.Martinez@hotmail.ca
Michael,Rocha,Michael.Rocha@hotmail.ca
Justin,Garcia,Justin.Garcia@hotmail.ca
Joseph,Anderson,Joseph.Anderson@hotmail.ca
Joshua,Leon,Joshua.Leon@hotmail.ca
Rachel,Roberts,Rachel.Roberts@hotmail.ca
Julie,Reynolds,Julie.Reynolds@hotmail.ca
Linda,Chang,Linda.Chang@hotmail.ca
Melanie,Burke,Melanie.Burke@hotmail.ca
Andrea,Adams,Andrea.Adams@hotmail.ca
Kathleen,Johnson,Kathleen.Johnson@hotmail.ca
Pamela,Ortiz,Pamela.Ortiz@hotmail.ca
Julie,Miller,Julie.Miller@hotmail.ca
Emma,Bruce,Emma.Bruce@hotmail.ca
Hannah,Obrien,Hannah.Obrien@hotmail.ca
David,Cohen,David.Cohen@hotmail.ca
Cody,Knox,Cody.Knox@hotmail.ca
Theresa,Briggs,Theresa.Briggs@hotmail.ca
David,Adams,David.Adams@hotmail.ca
Melissa,Lozano,Melissa.Lozano@hotmail.ca
Rebekah,Powell,Rebekah.Powell@hotmail.ca
Gabriel,Smith,Gabriel.Smith@hotmail.ca
Cynthia,Sparks,Cynthia.Sparks@hotmail.ca
Kathleen,Watson,Kathleen.Watson@hotmail.ca
Jose,Mckenzie,Jose.Mckenzie@hotmail.ca
Mary,Hill,Mary.Hill@hotmail.ca
Pamela,Gonzalez,Pamela.Gonzalez@hotmail.ca
David,Thornton,David.Thornton@hotmail.ca
Michelle,Harris,Michelle.Harris@hotmail.ca
Jesus,Turner,Jesus.Turner@hotmail.ca
Todd,Gardner,Todd.Gardner@hotmail.ca
Anita,Baker,Anita.Baker@hotmail.ca
John,Holmes,John.Holmes@hotmail.ca
Charles,Haynes,Charles.Haynes@hotmail.ca
Brandi,Anderson,Brandi.Anderson@hotmail.ca
Ashley,Adams,Ashley.Adams@hotmail.ca
Nicholas,Stewart,Nicholas.Stewart@hotmail.ca
Kimberly,Schultz,Kimberly.Schultz@hotmail.ca
Mark,Garza,Mark.Garza@hotmail.ca
Heather,Jordan,Heather.Jordan@hotmail.ca
Daryl,Hampton,Daryl.Hampton@hotmail.ca
Mark,Rodriguez,Mark.Rodriguez@hotmail.ca
Eric,Kennedy,Eric.Kennedy@hotmail.ca
Stephanie,Davidson,Stephanie.Davidson@hotmail.ca
Marcus,Moore,Marcus.Moore@hotmail.ca
Kelly,Knapp,Kelly.Knapp@hotmail.ca
Corey,Mann,Corey.Mann@hotmail.ca
Austin,Schmidt,Austin.Schmidt@hotmail.ca
Cameron,Hayes,Cameron.Hayes@hotmail.ca
Wendy,Ramirez,Wendy.Ramirez@hotmail.ca
Christie,Blair,Christie.Blair@hotmail.ca
Eric,Ellis,Eric.Ellis@hotmail.ca
Calvin,Lopez,Calvin.Lopez@hotmail.ca
Laura,Stone,Laura.Stone@hotmail.ca
Amanda,Harper,Amanda.Harper@hotmail.ca
Kimberly,Gray,Kimberly.Gray@hotmail.ca
Tina,Vaughn,Tina.Vaughn@hotmail.ca
Kenneth,Ray,Kenneth.Ray@hotmail.ca
Matthew,Blake,Matthew.Blake@hotmail.ca
Christian,Brown,Christian.Brown@hotmail.ca
Sue,Garcia,Sue.Garcia@hotmail.ca
Lisa,Parker,Lisa.Parker@hotmail.ca
Roy,Howe,Roy.Howe@hotmail.ca
Brenda,Marshall,Brenda.Marshall@hotmail.ca
Spencer,Sanchez,Spencer.Sanchez@hotmail.ca
Tiffany,Mack,Tiffany.Mack@hotmail.ca
Jessica,Mitchell,Jessica.Mitchell@hotmail.ca
Robert,Russell,Robert.Russell@hotmail.ca
Carl,Wagner,Carl.Wagner@hotmail.ca
Barbara,Pollard,Barbara.Pollard@hotmail.ca
Danielle,Wilson,Danielle.Wilson@hotmail.ca
Michael,Olson,Michael.Olson@hotmail.ca
Patricia,Mendez,Patricia.Mendez@hotmail.ca
Christian,Herring,Christian.Herring@hotmail.ca
Scott,Ho,Scott.Ho@hotmail.ca
Debra,Boyle,Debra.Boyle@hotmail.ca
Rebecca,Lee,Rebecca.Lee@hotmail.ca
Joshua,Wilson,Joshua.Wilson@hotmail.ca
Ralph,Tran,Ralph.Tran@hotmail.ca
Nicole,Taylor,Nicole.Taylor@hotmail.ca
Wanda,West,Wanda.West@hotmail.ca
Samantha,Howell,Samantha.Howell@hotmail.ca
Madison,Elliott,Madison.Elliott@hotmail.ca
Matthew,Diaz,Matthew.Diaz@hotmail.ca
Shawn,Hayes,Shawn.Hayes@hotmail.ca
Nicole,Herrera,Nicole.Herrera@hotmail.ca
Steven,Boyd,Steven.Boyd@hotmail.ca
Craig,Bauer,Craig.Bauer@hotmail.ca
Kelly,Harris,Kelly.Harris@hotmail.ca
Angela,Parker,Angela.Parker@hotmail.ca
Monique,Campbell,Monique.Campbell@hotmail.ca
Amy,Quinn,Amy.Quinn@hotmail.ca
David,Simpson,David.Simpson@hotmail.ca
Dominic,Burke,Dominic.Burke@hotmail.ca
Gregory,Collins,Gregory.Collins@hotmail.ca
Mason,Thomas,Mason.Thomas@hotmail.ca
Michael,Lopez,Michael.Lopez@hotmail.ca
Sandra,King,Sandra.King@hotmail.ca
Robert,Robinson,Robert.Robinson@hotmail.ca
Nancy,Weiss,Nancy.Weiss@hotmail.ca
Elizabeth,Ross,Elizabeth.Ross@hotmail.ca
James,Rich,James.Rich@hotmail.ca
Kelly,Lee,Kelly.Lee@hotmail.ca
Suzanne,Foster,Suzanne.Foster@hotmail.ca
Melinda,Marsh,Melinda.Marsh@hotmail.ca
Alison,Le,Alison.Le@hotmail.ca
Christina,Brown,Christina.Brown@hotmail.ca
David,Williams,David.Williams@hotmail.ca
Jasmine,Gomez,Jasmine.Gomez@hotmail.ca
James,Perez,James.Perez@hotmail.ca
Christopher,Jackson,Christopher.Jackson@hotmail.ca
Michael,Lee,Michael.Lee@hotmail.ca
Jessica,Quinn,Jessica.Quinn@hotmail.ca
David,Torres,David.Torres@hotmail.ca
James,Burns,James.Burns@hotmail.ca
Shawn,Jones,Shawn.Jones@hotmail.ca
Troy,Banks,Troy.Banks@hotmail.ca
Margaret,Pollard,Margaret.Pollard@hotmail.ca
Sandy,Black,Sandy.Black@hotmail.ca
Derrick,Miller,Derrick.Miller@hotmail.ca
Melinda,Morgan,Melinda.Morgan@hotmail.ca
Rebecca,Holt,Rebecca.Holt@hotmail.ca
Kristin,Mcintosh,Kristin.Mcintosh@hotmail.ca
Isaiah,Owen,Isaiah.Owen@hotmail.ca
Scott,Hale,Scott.Hale@hotmail.ca
Chad,Larson,Chad.Larson@hotmail.ca
Nicole,Wood,Nicole.Wood@hotmail.ca
David,Collins,David.Collins@hotmail.ca
Jacob,Rodriguez,Jacob.Rodriguez@hotmail.ca
Casey,Ortega,Casey.Ortega@hotmail.ca
Adrian,Thompson,Adrian.Thompson@hotmail.ca
Courtney,Wilkins,Courtney.Wilkins@hotmail.ca
Amy,Jordan,Amy.Jordan@hotmail.ca
Sarah,Barnes,Sarah.Barnes@hotmail.ca
Christian,Fuller,Christian.Fuller@hotmail.ca
Theresa,Thomas,Theresa.Thomas@hotmail.ca
Stephanie,Smith,Stephanie.Smith@hotmail.ca
Stacy,Stephens,Stacy.Stephens@hotmail.ca
Christopher,Johnson,Christopher.Johnson@hotmail.ca
Logan,Wilson,Logan.Wilson@hotmail.ca
Toni,Bryant,Toni.Bryant@hotmail.ca
Stephen,Anderson,Stephen.Anderson@hotmail.ca
Ralph,Mckinney,Ralph.Mckinney@hotmail.ca
Sandra,Delacruz,Sandra.Delacruz@hotmail.ca
Kevin,Rivera,Kevin.Rivera@hotmail.ca
Morgan,Morales,Morgan.Morales@hotmail.ca
Joseph,Mccoy,Joseph.Mccoy@hotmail.ca
Shannon,Mcpherson,Shannon_Mcpherson@yahoo.ca
Albert,Odom,Albert_Odom@yahoo.ca
Donnie,Huynh,Donnie_Huynh@yahoo.ca
Tyrell,Bonilla,Tyrell_Bonilla@yahoo.ca
Rhonda,Day,Rhonda_Day@yahoo.ca
Kendall,Pratt,Kendall_Pratt@yahoo.ca
Edward,Frazier,Edward_Frazier@yahoo.ca
Paul,Freeman,Paul_Freeman@yahoo.ca
Merrill,Stout,Merrill_Stout@yahoo.ca
Margarita,Hammond,Margarita_Hammond@yahoo.ca
Alphonso,Lee,Alphonso_Lee@yahoo.ca
Tanisha,Jackson,Tanisha_Jackson@yahoo.ca
Virginia,Bishop,Virginia_Bishop@yahoo.ca
Alexandra,Berger,Alexandra_Berger@yahoo.ca
Belinda,Hodge,Belinda_Hodge@yahoo.ca
Alex,Hays,Alex_Hays@yahoo.ca
Celia,Vang,Celia_Vang@yahoo.ca
Jared,Hinton,Jared_Hinton@yahoo.ca
Mildred,Luna,Mildred_Luna@yahoo.ca
Galen,Navarro,Galen_Navarro@yahoo.ca
Dena,Murillo,Dena_Murillo@yahoo.ca
Mitchel,Ewing,Mitchel_Ewing@yahoo.ca
Giovanni,Dickson,Giovanni_Dickson@yahoo.ca
Kirk,Mercer,Kirk_Mercer@yahoo.ca
Kim,Holmes,Kim_Holmes@yahoo.ca
Minh,Kim,Minh_Kim@yahoo.ca
Emmitt,Patrick,Emmitt_Patrick@yahoo.ca
Carson,Scott,Carson_Scott@yahoo.ca
Vince,Mckee,Vince_Mckee@yahoo.ca
Lynnette,Key,Lynnette_Key@yahoo.ca
Jefferson,Morris,Jefferson_Morris@yahoo.ca
Francisca,Arroyo,Francisca_Arroyo@yahoo.ca
Tamika,Dorsey,Tamika_Dorsey@yahoo.ca
Ross,Ortiz,Ross_Ortiz@yahoo.ca
Demetrius,Mccann,Demetrius_Mccann@yahoo.ca
Jay,Sheppard,Jay_Sheppard@yahoo.ca
Damian,White,Damian_White@yahoo.ca
Young,Foster,Young_Foster@yahoo.ca
Katina,Good,Katina_Good@yahoo.ca
Lucile,Dennis,Lucile_Dennis@yahoo.ca
Dianna,Stanley,Dianna_Stanley@yahoo.ca
Guillermo,Glass,Guillermo_Glass@yahoo.ca
Hallie,Schwartz,Hallie_Schwartz@yahoo.ca
Timmy,Goodwin,Timmy_Goodwin@yahoo.ca
Patsy,Fisher,Patsy_Fisher@yahoo.ca
Joanna,Shea,Joanna_Shea@yahoo.ca
Kristine,Jacobson,Kristine_Jacobson@yahoo.ca
August,Calderon,August_Calderon@yahoo.ca
Raul,Bowen,Raul_Bowen@yahoo.ca
Chrystal,Weiss,Chrystal_Weiss@yahoo.ca
Jennifer,Johnson,Jennifer_Johnson@yahoo.ca
Natalie,Robinson,Natalie_Robinson@yahoo.ca
John,Ferguson,John_Ferguson@yahoo.ca
Samuel,Patterson,Samuel_Patterson@yahoo.ca
Jasmine,James,Jasmine_James@yahoo.ca
Patricia,Hamilton,Patricia_Hamilton@yahoo.ca
Michael,Hensley,Michael_Hensley@yahoo.ca
Elijah,Fisher,Elijah_Fisher@yahoo.ca
Justin,Wright,Justin_Wright@yahoo.ca
Paula,Reyes,Paula_Reyes@yahoo.ca
James,Nielsen,James_Nielsen@yahoo.ca
Richard,Rojas,Richard_Rojas@yahoo.ca
Christopher,Perez,Christopher_Perez@yahoo.ca
Melissa,Davis,Melissa_Davis@yahoo.ca
Nichole,Farmer,Nichole_Farmer@yahoo.ca
Mrs.,Jennifer,Mrs._Jennifer@yahoo.ca
Jerry,Cuevas,Jerry_Cuevas@yahoo.ca
Eric,Norris,Eric_Norris@yahoo.ca
David,Jimenez,David_Jimenez@yahoo.ca
Clayton,Fowler,Clayton_Fowler@yahoo.ca
Samantha,Marquez,Samantha_Marquez@yahoo.ca
Marcus,Cain,Marcus_Cain@yahoo.ca
Zachary,Rivas,Zachary_Rivas@yahoo.ca
Samuel,Floyd,Samuel_Floyd@yahoo.ca
Daniel,Strickland,Daniel_Strickland@yahoo.ca
Aaron,Bender,Aaron_Bender@yahoo.ca
Donna,Howard,Donna_Howard@yahoo.ca
Jonathon,Brooks,Jonathon_Brooks@yahoo.ca
James,Barrera,James_Barrera@yahoo.ca
Heather,Bell,Heather_Bell@yahoo.ca
Brian,Hudson,Brian_Hudson@yahoo.ca
Jason,Hart,Jason_Hart@yahoo.ca
Deanna,Allen,Deanna_Allen@yahoo.ca
Jennifer,Garcia,Jennifer_Garcia@yahoo.ca
Scott,Massey,Scott_Massey@yahoo.ca
Evan,Miller,Evan_Miller@yahoo.ca
Alan,Brown,Alan_Brown@yahoo.ca
Carl,Harvey,Carl_Harvey@yahoo.ca
Jared,Lambert,Jared_Lambert@yahoo.ca
Joseph,Clark,Joseph_Clark@yahoo.ca
Timothy,Thompson,Timothy_Thompson@yahoo.ca
Amanda,Brown,Amanda_Brown@yahoo.ca
Joshua,Hill,Joshua_Hill@yahoo.ca
Victoria,Johnston,Victoria_Johnston@yahoo.ca
Valerie,Clark,Valerie_Clark@yahoo.ca
Daniel,Miller,Daniel_Miller@yahoo.ca
Jackson,Bailey,Jackson_Bailey@yahoo.ca
Randy,Barnett,Randy_Barnett@yahoo.ca
Andre,Roberts,Andre_Roberts@yahoo.ca
Stephanie,Webster,Stephanie_Webster@yahoo.ca
Tara,Calderon,Tara_Calderon@yahoo.ca
Jennifer,Mayo,Jennifer_Mayo@yahoo.ca
Brian,Robinson,Brian_Robinson@yahoo.ca
Rachel,Lee,Rachel_Lee@yahoo.ca
Cynthia,Baker,Cynthia_Baker@yahoo.ca
Miguel,Taylor,Miguel_Taylor@yahoo.ca
Crystal,Anderson,Crystal_Anderson@yahoo.ca
John,Daniels,John_Daniels@yahoo.ca
Christopher,Valencia,Christopher_Valencia@yahoo.ca
Michelle,Jackson,Michelle_Jackson@yahoo.ca
Ricky,Francis,Ricky_Francis@yahoo.ca
Michael,Hartman,Michael_Hartman@yahoo.ca
Allison,Smith,Allison_Smith@yahoo.ca
David,Giles,David_Giles@yahoo.ca
Joseph,Dixon,Joseph_Dixon@yahoo.ca
Louis,Hutchinson,Louis_Hutchinson@yahoo.ca
Jeffrey,Deleon,Jeffrey_Deleon@yahoo.ca
Kenneth,Short,Kenneth_Short@yahoo.ca
Amanda,Brown,Amanda_Brown@yahoo.ca
Sheryl,Nash,Sheryl_Nash@yahoo.ca
Jose,Smith,Jose_Smith@yahoo.ca
Ashley,Lopez,Ashley_Lopez@yahoo.ca
Denise,Cabrera,Denise_Cabrera@yahoo.ca
Paul,Berry,Paul_Berry@yahoo.ca
Matthew,Hicks,Matthew_Hicks@yahoo.ca
Eric,Arroyo,Eric_Arroyo@yahoo.ca
Charles,Green,Charles_Green@yahoo.ca
Logan,Robinson,Logan_Robinson@yahoo.ca
Tracy,Phillips,Tracy_Phillips@yahoo.ca
Sherry,James,Sherry_James@yahoo.ca
Patrick,Pearson,Patrick_Pearson@yahoo.ca
Geoffrey,Carter,Geoffrey_Carter@yahoo.ca
Ashley,Ramos,Ashley_Ramos@yahoo.ca
Michelle,Nelson,Michelle_Nelson@yahoo.ca
Lisa,Fleming,Lisa_Fleming@yahoo.ca
Jose,Barnett,Jose_Barnett@yahoo.ca
Ricardo,Wood,Ricardo_Wood@yahoo.ca
Whitney,Reynolds,Whitney_Reynolds@yahoo.ca
Jeremy,Mills,Jeremy_Mills@yahoo.ca
Matthew,Hammond,Matthew_Hammond@yahoo.ca
Mary,Maxwell,Mary_Maxwell@yahoo.ca
Chad,Hernandez,Chad_Hernandez@yahoo.ca
Emily,Hansen,Emily_Hansen@yahoo.ca
Mark,Reed,Mark_Reed@yahoo.ca
Curtis,Gates,Curtis_Gates@yahoo.ca
Erin,Guerrero,Erin_Guerrero@yahoo.ca
Debra,Diaz,Debra_Diaz@yahoo.ca
Eric,Stokes,Eric_Stokes@yahoo.ca
Sabrina,Smith,Sabrina_Smith@yahoo.ca
Jeffrey,Craig,Jeffrey_Craig@yahoo.ca
Joan,Payne,Joan_Payne@yahoo.ca
Keith,Hodges,Keith_Hodges@yahoo.ca
Jessica,Morris,Jessica_Morris@yahoo.ca
James,Allen,James_Allen@yahoo.ca
Brian,Nichols,Brian_Nichols@yahoo.ca
Cynthia,Irwin,Cynthia_Irwin@yahoo.ca
Kyle,Salazar,Kyle_Salazar@yahoo.ca
Kimberly,Taylor,Kimberly_Taylor@yahoo.ca
Karen,Chung,Karen_Chung@yahoo.ca
Jordan,Davis,Jordan_Davis@yahoo.ca
Eric,Anderson,Eric_Anderson@yahoo.ca
Lori,Chavez,Lori_Chavez@yahoo.ca
Gordon,Shepherd,Gordon_Shepherd@yahoo.ca
Carla,Walter,Carla_Walter@yahoo.ca
Robert,Clark,Robert_Clark@yahoo.ca
Chloe,Robinson,Chloe_Robinson@yahoo.ca
Robert,Morgan,Robert_Morgan@yahoo.ca
Maria,Davies,Maria_Davies@yahoo.ca
Laura,Carey,Laura_Carey@yahoo.ca
Brian,Estrada,Brian_Estrada@yahoo.ca
Paige,Townsend,Paige_Townsend@yahoo.ca
Lisa,Gilbert,Lisa_Gilbert@yahoo.ca
Joshua,Medina,Joshua_Medina@yahoo.ca
Jason,Stephens,Jason_Stephens@yahoo.ca
Angela,Khan,Angela_Khan@yahoo.ca
Mary,Burns,Mary_Burns@yahoo.ca
Marcus,Wiley,Marcus_Wiley@yahoo.ca
Alexandra,Thomas,Alexandra_Thomas@yahoo.ca
Denise,Richardson,Denise_Richardson@yahoo.ca
Rachael,Simpson,Rachael_Simpson@yahoo.ca
Robin,Lowe,Robin_Lowe@yahoo.ca
Jennifer,Martin,Jennifer_Martin@yahoo.ca
James,Whitehead,James_Whitehead@yahoo.ca
Monica,White,Monica_White@yahoo.ca
Victor,Lester,Victor_Lester@yahoo.ca
Gina,Archer,Gina_Archer@yahoo.ca
Caitlin,Bradshaw,Caitlin_Bradshaw@yahoo.ca
Jeremy,Jacobs,Jeremy_Jacobs@yahoo.ca
Michael,Armstrong,Michael_Armstrong@yahoo.ca
Gavin,Davidson,Gavin_Davidson@yahoo.ca
Katherine,Hickman,Katherine_Hickman@yahoo.ca
Rhonda,Harvey,Rhonda_Harvey@yahoo.ca
Jennifer,Fuller,Jennifer_Fuller@yahoo.ca
Jamie,Mckinney,Jamie_Mckinney@yahoo.ca
Ashley,Myers,Ashley_Myers@yahoo.ca
David,Montgomery,David_Montgomery@yahoo.ca
Bradley,Mcdonald,Bradley_Mcdonald@yahoo.ca
Donna,Brewer,Donna_Brewer@yahoo.ca
Amy,Clay,Amy_Clay@yahoo.ca
Rebecca,Bishop,Rebecca_Bishop@yahoo.ca
Dana,Roberts,Dana_Roberts@yahoo.ca
Matthew,Vaughan,Matthew_Vaughan@yahoo.ca
Cassandra,Carroll,Cassandra_Carroll@yahoo.ca
Regina,Hodge,Regina_Hodge@yahoo.ca
Carl,Neal,Carl_Neal@yahoo.ca
Cheryl,Rodriguez,Cheryl_Rodriguez@yahoo.ca
William,Roberts,William_Roberts@yahoo.ca
Elizabeth,Holden,Elizabeth_Holden@yahoo.ca
Miranda,Trevino,Miranda_Trevino@yahoo.ca
Jacob,Hall,Jacob_Hall@yahoo.ca
Maria,Gill,Maria_Gill@yahoo.ca
Jason,Owens,Jason_Owens@yahoo.ca
Catherine,Johnson,Catherine_Johnson@yahoo.ca
Jenna,Burch,Jenna_Burch@yahoo.ca
Shaun,Allen,Shaun_Allen@yahoo.ca
Melvin,Moore,Melvin_Moore@yahoo.ca
Peggy,Lee,Peggy_Lee@yahoo.ca
Jose,Daniel,Jose_Daniel@yahoo.ca
Megan,Smith,Megan_Smith@yahoo.ca
Amanda,Watson,Amanda_Watson@yahoo.ca
Deanna,Schwartz,Deanna_Schwartz@yahoo.ca
Tanya,Green,Tanya_Green@yahoo.ca
Daniel,Poole,Daniel_Poole@yahoo.ca
Ethan,Hardin,Ethan_Hardin@yahoo.ca
Barbara,Bell,Barbara_Bell@yahoo.ca
Carol,Campbell,Carol_Campbell@yahoo.ca
Kelly,Williams,Kelly_Williams@yahoo.ca
Margaret,Cameron,Margaret_Cameron@yahoo.ca
Stephen,Harris,Stephen_Harris@yahoo.ca
Jason,Dunn,Jason_Dunn@yahoo.ca
Jeffrey,Cabrera,Jeffrey_Cabrera@yahoo.ca
Steven,Hicks,Steven_Hicks@yahoo.ca
Jonathan,Smith,Jonathan_Smith@yahoo.ca
Rose,Henderson,Rose_Henderson@yahoo.ca
Ann,Garcia,Ann_Garcia@yahoo.ca
Andrew,Vaughn,Andrew_Vaughn@yahoo.ca
Marvin,Buchanan,Marvin_Buchanan@yahoo.ca
Colin,Vance,Colin_Vance@yahoo.ca
Stephanie,Anderson,Stephanie_Anderson@yahoo.ca
Kelli,Ray,Kelli_Ray@yahoo.ca
Raymond,Robinson,Raymond_Robinson@yahoo.ca
Kevin,Jones,Kevin_Jones@yahoo.ca
Alan,Zhang,Alan_Zhang@yahoo.ca
Stephanie,Carter,Stephanie_Carter@yahoo.ca
Patricia,Sullivan,Patricia_Sullivan@yahoo.ca
Tina,Rodriguez,Tina_Rodriguez@yahoo.ca
Ashley,Martin,Ashley_Martin@yahoo.ca
Sheri,Roberts,Sheri_Roberts@yahoo.ca
Jeffrey,Brown,Jeffrey_Brown@yahoo.ca
Robert,West,Robert_West@yahoo.ca
Debra,Conley,Debra_Conley@yahoo.ca
Nicole,Franklin,Nicole_Franklin@yahoo.ca
Sean,Buckley,Sean_Buckley@yahoo.ca
Cynthia,Sanders,Cynthia_Sanders@yahoo.ca
Natasha,Sullivan,Natasha_Sullivan@yahoo.ca
Robert,Mann,Robert_Mann@yahoo.ca
Lindsay,Miller,Lindsay_Miller@yahoo.ca
Brooke,Jones,Brooke_Jones@yahoo.ca
Christopher,Miller,Christopher_Miller@yahoo.ca
Keith,Phillips,Keith_Phillips@yahoo.ca
Evan,Harris,Evan_Harris@yahoo.ca
Jessica,Jenkins,Jessica_Jenkins@yahoo.ca
Ebony,Norton,Ebony_Norton@yahoo.ca
Daniel,Bell,Daniel_Bell@yahoo.ca
Samuel,Weiss,Samuel_Weiss@yahoo.ca
Richard,Richards,Richard_Richards@yahoo.ca
Jose,Mclaughlin,Jose_Mclaughlin@yahoo.ca
William,Valenzuela,William_Valenzuela@yahoo.ca
Kevin,Weiss,Kevin_Weiss@yahoo.ca
Jonathan,Brown,Jonathan_Brown@yahoo.ca
Craig,Davis,Craig_Davis@yahoo.ca
Timothy,Valenzuela,Timothy_Valenzuela@yahoo.ca
Suzanne,Lowe,Suzanne_Lowe@yahoo.ca
Donna,Oliver,Donna_Oliver@yahoo.ca
Samantha,Nguyen,Samantha_Nguyen@yahoo.ca
Jeffrey,Buchanan,Jeffrey_Buchanan@yahoo.ca
Jordan,Garcia,Jordan_Garcia@yahoo.ca
Christopher,Hampton,Christopher_Hampton@yahoo.ca
Robert,Marsh,Robert_Marsh@yahoo.ca
Kathy,Stanley,Kathy_Stanley@yahoo.ca
Cody,Vang,Cody_Vang@yahoo.ca
Shannon,Rosario,Shannon_Rosario@yahoo.ca
Christine,Campbell,Christine_Campbell@yahoo.ca
Shane,Banks,Shane_Banks@yahoo.ca
Jonathan,Santiago,Jonathan_Santiago@yahoo.ca
Jennifer,Peters,Jennifer_Peters@yahoo.ca
Cheryl,Powell,Cheryl_Powell@yahoo.ca
Kayla,Freeman,Kayla_Freeman@yahoo.ca
Benjamin,Howard,Benjamin_Howard@yahoo.ca
Pamela,Miller,Pamela_Miller@yahoo.ca
Joseph,Martin,Joseph_Martin@yahoo.ca
Ryan,Atkinson,Ryan_Atkinson@yahoo.ca
Cassandra,Williams,Cassandra_Williams@yahoo.ca
Virginia,Villarreal,Virginia_Villarreal@yahoo.ca
Travis,Smith,Travis_Smith@yahoo.ca
Sarah,Brown,Sarah_Brown@yahoo.ca
Mariah,Clay,Mariah_Clay@yahoo.ca
Heather,Murphy,Heather_Murphy@yahoo.ca
Deborah,Garcia,Deborah_Garcia@yahoo.ca
Sharon,Austin,Sharon_Austin@yahoo.ca
Darren,Oconnell,Darren_Oconnell@yahoo.ca
Maurice,Kelly,Maurice_Kelly@yahoo.ca
Danielle,Morris,Danielle_Morris@yahoo.ca
Brian,Morales,Brian_Morales@yahoo.ca
Lance,Smith,Lance_Smith@yahoo.ca
Christopher,Nelson,Christopher_Nelson@yahoo.ca
Michael,Thomas,Michael_Thomas@yahoo.ca
Andrea,Cunningham,Andrea_Cunningham@yahoo.ca
Mrs.,Ariel,Mrs._Ariel@yahoo.ca
Ryan,Powers,Ryan_Powers@yahoo.ca
Valerie,Ayala,Valerie_Ayala@yahoo.ca
David,Stevens,David_Stevens@yahoo.ca
David,Morales,David_Morales@yahoo.ca
John,Carter,John_Carter@yahoo.ca
Carl,Scott,Carl_Scott@yahoo.ca
Nina,Small,Nina_Small@yahoo.ca
Katherine,Gentry,Katherine_Gentry@yahoo.ca
Emily,Daugherty,Emily_Daugherty@yahoo.ca
Terry,Serrano,Terry_Serrano@yahoo.ca
Mrs.,Jennifer,Mrs._Jennifer@yahoo.ca
Erik,Ayers,Erik_Ayers@yahoo.ca
Jacob,Fuentes,Jacob_Fuentes@yahoo.ca
Jacob,Hill,Jacob_Hill@yahoo.ca
Marcus,Copeland,Marcus_Copeland@yahoo.ca
Brett,Lopez,Brett_Lopez@yahoo.ca
Bradley,Rivas,Bradley_Rivas@yahoo.ca
Alan,Garza,Alan_Garza@yahoo.ca
Andrea,Hensley,Andrea_Hensley@yahoo.ca
Michael,Dixon,Michael_Dixon@yahoo.ca
Thomas,Collins,Thomas_Collins@yahoo.ca
Darrell,Wilson,Darrell_Wilson@yahoo.ca
Denise,Sanders,Denise_Sanders@yahoo.ca
Shawn,Lynch,Shawn_Lynch@yahoo.ca
Daniel,Rowland,Daniel_Rowland@yahoo.ca
Steve,Sanchez,Steve_Sanchez@yahoo.ca
Mark,French,Mark_French@yahoo.ca
Samuel,Chapman,Samuel_Chapman@yahoo.ca
Christina,Marshall,Christina_Marshall@yahoo.ca
Richard,Johnson,Richard_Johnson@yahoo.ca
Heather,Arnold,Heather_Arnold@yahoo.ca
Eileen,Mills,Eileen_Mills@yahoo.ca
Tonya,English,Tonya_English@yahoo.ca
George,Gross,George_Gross@yahoo.ca
Connie,Davis,Connie_Davis@yahoo.ca
Darren,Moran,Darren_Moran@yahoo.ca
Courtney,Cole,Courtney_Cole@yahoo.ca
William,Cooper,William_Cooper@yahoo.ca
Amanda,Herrera,Amanda_Herrera@yahoo.ca
Harold,Simmons,Harold_Simmons@yahoo.ca
Diane,Jordan,Diane_Jordan@yahoo.ca
Riley,Byrd,Riley_Byrd@yahoo.ca
Cody,David,Cody_David@yahoo.ca
Jared,Dennis,Jared_Dennis@yahoo.ca
Anthony,Farrell,Anthony_Farrell@yahoo.ca
Kevin,Watson,Kevin_Watson@yahoo.ca
Kelly,Horton,Kelly_Horton@yahoo.ca
Daniel,Robinson,Daniel_Robinson@yahoo.ca
Christopher,Conley,Christopher_Conley@yahoo.ca
Paul,Spears,Paul_Spears@yahoo.ca
Angela,Wood,Angela_Wood@yahoo.ca
Tammy,Goodwin,Tammy_Goodwin@yahoo.ca
Don,Gomez,Don_Gomez@yahoo.ca
James,Johnson,James_Johnson@yahoo.ca
Kyle,Villarreal,Kyle_Villarreal@yahoo.ca
Nathan,Webb,Nathan_Webb@yahoo.ca
Carrie,Tucker,Carrie_Tucker@yahoo.ca
Megan,Chandler,Megan_Chandler@yahoo.ca
James,Ross,James_Ross@yahoo.ca
Daniel,Fuller,Daniel_Fuller@yahoo.ca
John,Collins,John_Collins@yahoo.ca
Janet,Carpenter,Janet_Carpenter@yahoo.ca
Bradley,White,Bradley_White@yahoo.ca
Shawn,Stevens,Shawn_Stevens@yahoo.ca
Alexandra,Johnson,Alexandra_Johnson@yahoo.ca
Katherine,Nunez,Katherine_Nunez@yahoo.ca
Carol,Li,Carol_Li@yahoo.ca
Leah,Vasquez,Leah_Vasquez@yahoo.ca
Erin,Atkins,Erin_Atkins@yahoo.ca
Hannah,Rojas,Hannah_Rojas@yahoo.ca
Ebony,Smith,Ebony_Smith@yahoo.ca
Curtis,Chapman,Curtis_Chapman@yahoo.ca
Anna,Mclaughlin,Anna_Mclaughlin@yahoo.ca
Gina,Barnes,Gina_Barnes@yahoo.ca
Carla,Hayden,Carla_Hayden@yahoo.ca
Jeremy,Taylor,Jeremy_Taylor@yahoo.ca
Rebecca,Johnson,Rebecca_Johnson@yahoo.ca
Rebecca,Thomas,Rebecca_Thomas@yahoo.ca
Brittany,Williams,Brittany_Williams@yahoo.ca
Daniel,Phillips,Daniel_Phillips@yahoo.ca
Amanda,Salazar,Amanda_Salazar@yahoo.ca
David,Mullins,David_Mullins@yahoo.ca
Deanna,Patel,Deanna_Patel@yahoo.ca
Diana,Huffman,Diana_Huffman@yahoo.ca
Christina,Sheppard,Christina_Sheppard@yahoo.ca
Margaret,Rose,Margaret_Rose@yahoo.ca
Shelia,Tran,Shelia_Tran@yahoo.ca
Matthew,Gray,Matthew_Gray@yahoo.ca
Richard,Juarez,Richard_Juarez@yahoo.ca
Billy,Osborne,Billy_Osborne@yahoo.ca
Sandra,Ferguson,Sandra_Ferguson@yahoo.ca
Jennifer,Bell,Jennifer_Bell@yahoo.ca
Robert,Powers,Robert_Powers@yahoo.ca
Kathryn,Miller,Kathryn_Miller@yahoo.ca
Henry,Marsh,Henry_Marsh@yahoo.ca
Timothy,Cruz,Timothy_Cruz@yahoo.ca
Christopher,Mitchell,Christopher_Mitchell@yahoo.ca
Scott,Pearson,Scott_Pearson@yahoo.ca
Jessica,Dean,Jessica_Dean@yahoo.ca
Steven,Thomas,Steven_Thomas@yahoo.ca
Deborah,Sanders,Deborah_Sanders@yahoo.ca
Michael,Perez,Michael_Perez@yahoo.ca
Timothy,Mccann,Timothy_Mccann@yahoo.ca
Elizabeth,Mendoza,Elizabeth_Mendoza@yahoo.ca
Kathleen,Gaines,Kathleen_Gaines@yahoo.ca
Teresa,Romero,Teresa_Romero@yahoo.ca
Kathleen,Turner,Kathleen_Turner@yahoo.ca
Melissa,Brown,Melissa_Brown@yahoo.ca
Michael,Solis,Michael_Solis@yahoo.ca
Christina,Sims,Christina_Sims@yahoo.ca
Amanda,Mcbride,Amanda_Mcbride@yahoo.ca
Anthony,Harris,Anthony_Harris@yahoo.ca
Heather,Graves,Heather_Graves@yahoo.ca
John,Stewart,John_Stewart@yahoo.ca
Tamara,Lopez,Tamara_Lopez@yahoo.ca
Barbara,Ballard,Barbara_Ballard@yahoo.ca
Mallory,Payne,Mallory_Payne@yahoo.ca
Andrew,Howard,Andrew_Howard@yahoo.ca
Tammy,Howell,Tammy_Howell@yahoo.ca
Bonnie,Fernandez,Bonnie_Fernandez@yahoo.ca
Gabriel,Aguilar,Gabriel_Aguilar@yahoo.ca
Robin,Hall,Robin_Hall@yahoo.ca
Morgan,Ashley,Morgan_Ashley@yahoo.ca
Caleb,Carey,Caleb_Carey@yahoo.ca
Lindsey,Shaw,Lindsey_Shaw@yahoo.ca
Thomas,Short,Thomas_Short@yahoo.ca
Jared,Diaz,Jared_Diaz@yahoo.ca
Brian,Hernandez,Brian_Hernandez@yahoo.ca
Theresa,Mccullough,Theresa_Mccullough@yahoo.ca
Victoria,White,Victoria_White@yahoo.ca
James,Mckenzie,James_Mckenzie@yahoo.ca
Mary,Ward,Mary_Ward@yahoo.ca
Charles,Williams,Charles_Williams@yahoo.ca
Taylor,Freeman,Taylor_Freeman@yahoo.ca
Brian,Wise,Brian_Wise@yahoo.ca
Teresa,Burton,Teresa_Burton@yahoo.ca
Bridget,Welch,Bridget_Welch@yahoo.ca
Isaiah,Wilson,Isaiah_Wilson@yahoo.ca
Shane,Wade,Shane_Wade@yahoo.ca
Shawn,Reid,Shawn_Reid@yahoo.ca
Shelby,Clark,Shelby_Clark@yahoo.ca
Tina,Soto,Tina_Soto@yahoo.ca
Darius,Nielsen,Darius_Nielsen@yahoo.ca
Ralph,Lewis,Ralph_Lewis@yahoo.ca
Timothy,Craig,Timothy_Craig@yahoo.ca
Robin,Webb,Robin_Webb@yahoo.ca
Tara,Nelson,Tara_Nelson@yahoo.ca
Chelsea,Griffith,Chelsea_Griffith@yahoo.ca
Kayla,Walters,Kayla_Walters@yahoo.ca
Christopher,Delacruz,Christopher_Delacruz@yahoo.ca
David,Lewis,David_Lewis@yahoo.ca
Katherine,Lewis,Katherine_Lewis@yahoo.ca
Chelsea,Ramos,Chelsea_Ramos@yahoo.ca
Christina,Park,Christina_Park@yahoo.ca
Kaitlyn,Crosby,Kaitlyn_Crosby@yahoo.ca
Aaron,Walker,Aaron_Walker@yahoo.ca
Valerie,Ortiz,Valerie_Ortiz@yahoo.ca
Melissa,Monroe,Melissa_Monroe@yahoo.ca
Jason,Woods,Jason_Woods@yahoo.ca
Lisa,Jones,Lisa_Jones@yahoo.ca
Mrs.,Cassandra,Mrs._Cassandra@yahoo.ca
Tammy,Patterson,Tammy_Patterson@yahoo.ca
Jill,Mills,Jill_Mills@yahoo.ca
Carla,Crawford,Carla_Crawford@yahoo.ca
Jeremiah,Alvarez,Jeremiah_Alvarez@yahoo.ca
Shari,Payne,Shari_Payne@yahoo.ca
Kayla,Taylor,Kayla_Taylor@yahoo.ca
Jennifer,Roberts,Jennifer_Roberts@yahoo.ca
Kimberly,Rogers,Kimberly_Rogers@yahoo.ca
Larry,Harris,Larry_Harris@yahoo.ca
Valerie,Stewart,Valerie_Stewart@yahoo.ca
Melissa,Guzman,Melissa_Guzman@yahoo.ca
John,Kennedy,John_Kennedy@yahoo.ca
Justin,Ayers,Justin_Ayers@yahoo.ca
Laura,Rocha,Laura_Rocha@yahoo.ca
Jessica,Schwartz,Jessica_Schwartz@yahoo.ca
Amber,Perez,Amber_Perez@yahoo.ca
Brianna,Lopez,Brianna_Lopez@yahoo.ca
Jessica,Holland,Jessica_Holland@yahoo.ca
Jessica,Sandoval,Jessica_Sandoval@yahoo.ca
Ian,Sharp,Ian_Sharp@yahoo.ca
Tiffany,Ponce,Tiffany_Ponce@yahoo.ca
Cody,Burns,Cody_Burns@yahoo.ca
Kelly,Crosby,Kelly_Crosby@yahoo.ca
Ruth,Kidd,Ruth_Kidd@yahoo.ca
Katherine,Mclean,Katherine_Mclean@yahoo.ca
Michael,Scott,Michael_Scott@yahoo.ca
Jessica,Suarez,Jessica_Suarez@yahoo.ca
Judy,Montoya,Judy_Montoya@yahoo.ca
David,Oconnor,David_Oconnor@yahoo.ca
Traci,Mckee,Traci_Mckee@yahoo.ca
Jenny,Oconnell,Jenny_Oconnell@yahoo.ca
Kim,Gray,Kim_Gray@yahoo.ca
Michael,Ward,Michael_Ward@yahoo.ca
Matthew,Wilson,Matthew_Wilson@yahoo.ca
Anthony,Ramos,Anthony_Ramos@yahoo.ca
Jill,Jordan,Jill_Jordan@yahoo.ca
Benjamin,Duncan,Benjamin_Duncan@yahoo.ca
Tony,Estrada,Tony_Estrada@yahoo.ca
Courtney,Ramirez,Courtney_Ramirez@yahoo.ca
Tammy,Gilbert,Tammy_Gilbert@yahoo.ca
Melissa,Mckee,Melissa_Mckee@yahoo.ca
Jill,Scott,Jill_Scott@yahoo.ca
Matthew,Dunn,Matthew_Dunn@yahoo.ca
Jeffrey,Wagner,Jeffrey_Wagner@yahoo.ca
Gloria,Perez,Gloria_Perez@yahoo.ca
Melvin,Ali,Melvin_Ali@yahoo.ca
Miranda,Newton,Miranda_Newton@yahoo.ca
Michelle,Hamilton,Michelle_Hamilton@yahoo.ca
Melinda,Cole,Melinda_Cole@yahoo.ca
Vanessa,Thomas,Vanessa_Thomas@yahoo.ca
Greg,Medina,Greg_Medina@yahoo.ca
Kimberly,Martin,Kimberly_Martin@yahoo.ca
Joseph,Martin,Joseph_Martin@yahoo.ca
Chad,White,Chad_White@yahoo.ca
Jared,Hayes,Jared_Hayes@yahoo.ca
Mark,Martin,Mark_Martin@yahoo.ca
Carla,Tran,Carla_Tran@yahoo.ca
Alex,Lopez,Alex_Lopez@yahoo.ca
Emily,George,Emily_George@yahoo.ca
Devin,Olson,Devin_Olson@yahoo.ca
Andrew,Lane,Andrew_Lane@yahoo.ca
Sarah,Walter,Sarah_Walter@yahoo.ca
Karen,Vaughn,Karen_Vaughn@yahoo.ca
Caroline,Mann,Caroline_Mann@yahoo.ca
Jordan,Short,Jordan_Short@yahoo.ca
Donna,Taylor,Donna_Taylor@yahoo.ca
Maria,Harris,Maria_Harris@yahoo.ca
Zachary,Hawkins,Zachary_Hawkins@yahoo.ca
Jenna,Young,Jenna_Young@yahoo.ca
Joseph,Allen,Joseph_Allen@yahoo.ca
Benjamin,Ruiz,Benjamin_Ruiz@yahoo.ca
Maurice,Carter,Maurice_Carter@yahoo.ca
Tammy,Myers,Tammy_Myers@yahoo.ca
Sandra,Lewis,Sandra_Lewis@yahoo.ca
Kristopher,Carson,Kristopher_Carson@yahoo.ca
Justin,Hodges,Justin_Hodges@yahoo.ca
Erin,Blanchard,Erin_Blanchard@yahoo.ca
Ryan,Hoffman,Ryan_Hoffman@yahoo.ca
Justin,Carr,Justin_Carr@yahoo.ca
Tiffany,Luna,Tiffany_Luna@yahoo.ca
Kayla,Robinson,Kayla_Robinson@yahoo.ca
Jacob,Green,Jacob_Green@yahoo.ca
Tracy,Morales,Tracy_Morales@yahoo.ca
Danny,Gomez,Danny_Gomez@yahoo.ca
Jason,Hernandez,Jason_Hernandez@yahoo.ca
Michelle,Griffin,Michelle_Griffin@yahoo.ca
Douglas,Owen,Douglas_Owen@yahoo.ca
James,Mathis,James_Mathis@yahoo.ca
Alexis,Sullivan,Alexis_Sullivan@yahoo.ca
Betty,Travis,Betty_Travis@yahoo.ca
Tracey,Haley,Tracey_Haley@yahoo.ca
Tracy,Mccarthy,Tracy_Mccarthy@yahoo.ca
Teresa,Webb,Teresa_Webb@yahoo.ca
Melissa,Cohen,Melissa_Cohen@yahoo.ca
Gabriel,Johnson,Gabriel_Johnson@yahoo.ca
Glenda,Hunter,Glenda_Hunter@yahoo.ca
David,Quinn,David_Quinn@yahoo.ca
Mark,Hill,Mark_Hill@yahoo.ca
Lisa,Rose,Lisa_Rose@yahoo.ca
Keith,Cummings,Keith_Cummings@yahoo.ca
Peter,Haney,Peter_Haney@yahoo.ca
John,Warren,John_Warren@yahoo.ca
Alicia,Fitzgerald,Alicia_Fitzgerald@yahoo.ca
John,Brown,John_Brown@yahoo.ca
Tiffany,Williams,Tiffany_Williams@yahoo.ca
Alexander,Norris,Alexander_Norris@yahoo.ca
Victoria,Murray,Victoria_Murray@yahoo.ca
Christopher,Young,Christopher_Young@yahoo.ca
Paul,Branch,Paul_Branch@yahoo.ca
Anthony,Hayden,Anthony_Hayden@yahoo.ca
Yolanda,West,Yolanda_West@yahoo.ca
Angie,Newton,Angie_Newton@yahoo.ca
Christina,Garcia,Christina_Garcia@yahoo.ca
Charles,Luna,Charles_Luna@yahoo.ca
Kimberly,Schultz,Kimberly_Schultz@yahoo.ca
Linda,Hawkins,Linda_Hawkins@yahoo.ca
Eric,Bradley,Eric_Bradley@yahoo.ca
Marilyn,Smith,Marilyn_Smith@yahoo.ca
Barbara,Bell,Barbara_Bell@yahoo.ca
Tyler,Lutz,Tyler_Lutz@yahoo.ca
Amanda,Gonzalez,Amanda_Gonzalez@yahoo.ca
Cindy,Wiley,Cindy_Wiley@yahoo.ca
Tammie,Scott,Tammie_Scott@yahoo.ca
Ryan,Lawson,Ryan_Lawson@yahoo.ca
Lawrence,Ramsey,Lawrence_Ramsey@yahoo.ca
Colleen,Wells,Colleen_Wells@yahoo.ca
Krista,Rojas,Krista_Rojas@yahoo.ca
Johnny,Warren,Johnny_Warren@yahoo.ca
Stacey,Johnston,Stacey_Johnston@yahoo.ca
Erin,Velez,Erin_Velez@yahoo.ca
Thomas,Payne,Thomas_Payne@yahoo.ca
Laura,Drake,Laura_Drake@yahoo.ca
Paula,Gonzalez,Paula_Gonzalez@yahoo.ca
Michele,Williams,Michele_Williams@yahoo.ca
Samantha,Nichols,Samantha_Nichols@yahoo.ca
John,Lewis,John_Lewis@yahoo.ca
Gabrielle,Johnson,Gabrielle_Johnson@yahoo.ca
Lisa,Bell,Lisa_Bell@yahoo.ca
Christopher,Jackson,Christopher_Jackson@yahoo.ca
Antonio,Paul,Antonio_Paul@yahoo.ca
Victoria,Lee,Victoria_Lee@yahoo.ca
Kathleen,Mitchell,Kathleen_Mitchell@yahoo.ca
Kerri,Ross,Kerri_Ross@yahoo.ca
Andres,Miller,Andres_Miller@yahoo.ca
Gabriela,Miller,Gabriela_Miller@yahoo.ca
Calvin,Hurley,Calvin_Hurley@yahoo.ca
Brenda,Kerr,Brenda_Kerr@yahoo.ca
Brandon,Black,Brandon_Black@yahoo.ca
Eric,Lewis,Eric_Lewis@yahoo.ca
Jordan,Brooks,Jordan_Brooks@yahoo.ca
Chelsea,Ruiz,Chelsea_Ruiz@yahoo.ca
Carlos,Parrish,Carlos_Parrish@yahoo.ca
Donna,Mitchell,Donna_Mitchell@yahoo.ca
Rachael,Hill,Rachael_Hill@yahoo.ca
Amy,James,Amy_James@yahoo.ca
Meghan,Campbell,Meghan_Campbell@yahoo.ca
Sharon,Scott,Sharon_Scott@yahoo.ca
Jennifer,Larson,Jennifer_Larson@yahoo.ca
Sean,Hawkins,Sean_Hawkins@yahoo.ca
Cindy,Bartlett,Cindy_Bartlett@yahoo.ca
Derrick,Carter,Derrick_Carter@yahoo.ca
Marissa,Coleman,Marissa_Coleman@yahoo.ca
Gregory,Brown,Gregory_Brown@yahoo.ca
Ernest,Contreras,Ernest_Contreras@yahoo.ca
Barbara,Blackburn,Barbara_Blackburn@yahoo.ca
Tiffany,Wood,Tiffany_Wood@yahoo.ca
Karen,Davis,Karen_Davis@yahoo.ca
Jeffrey,Jackson,Jeffrey_Jackson@yahoo.ca
Brandon,Wall,Brandon_Wall@yahoo.ca
Jacob,Davis,Jacob_Davis@yahoo.ca
Mary,Joyce,Mary_Joyce@yahoo.ca
Sarah,Washington,Sarah_Washington@yahoo.ca
Ashley,Adams,Ashley_Adams@yahoo.ca
Bethany,Griffin,Bethany_Griffin@yahoo.ca
Heidi,Williams,Heidi_Williams@yahoo.ca
Pam,Lewis,Pam_Lewis@yahoo.ca
Samuel,White,Samuel_White@yahoo.ca
Sarah,Brown,Sarah_Brown@yahoo.ca
James,Wilson,James_Wilson@yahoo.ca
Lauren,Donovan,Lauren_Donovan@yahoo.ca
Denise,Stewart,Denise_Stewart@yahoo.ca
George,Price,George_Price@yahoo.ca
Christopher,Hicks,Christopher_Hicks@yahoo.ca
Shawn,Martinez,Shawn_Martinez@yahoo.ca
Beverly,Gregory,Beverly_Gregory@yahoo.ca
Terry,Hudson,Terry_Hudson@yahoo.ca
Sarah,Merritt,Sarah_Merritt@yahoo.ca
Michael,Foster,Michael_Foster@yahoo.ca
Michael,Lewis,Michael_Lewis@yahoo.ca
Alicia,Meyer,Alicia_Meyer@yahoo.ca
Melissa,Fitzgerald,Melissa_Fitzgerald@yahoo.ca
Charles,Cooper,Charles_Cooper@yahoo.ca
Kimberly,Edwards,Kimberly_Edwards@yahoo.ca
Kevin,Perry,Kevin_Perry@yahoo.ca
Billy,Kemp,Billy_Kemp@yahoo.ca
Sarah,Knox,Sarah_Knox@yahoo.ca
Carol,Walker,Carol_Walker@yahoo.ca
Lori,Malone,Lori_Malone@yahoo.ca
Stephanie,Flowers,Stephanie_Flowers@yahoo.ca
Heather,Clark,Heather_Clark@yahoo.ca
Dana,Roman,Dana_Roman@yahoo.ca
William,Johnson,William_Johnson@yahoo.ca
Brian,Joseph,Brian_Joseph@yahoo.ca
Christian,Miller,Christian_Miller@yahoo.ca
Richard,Bennett,Richard_Bennett@yahoo.ca
Anthony,Morales,Anthony_Morales@yahoo.ca
Ashley,Thompson,Ashley_Thompson@yahoo.ca
Michael,Wolfe,Michael_Wolfe@yahoo.ca
Austin,Tucker,Austin_Tucker@yahoo.ca
Laura,Braun,Laura_Braun@yahoo.ca
Michael,Lucero,Michael_Lucero@yahoo.ca
Ronald,Kelly,Ronald_Kelly@yahoo.ca
Kevin,Parker,Kevin_Parker@yahoo.ca
Elizabeth,Casey,Elizabeth_Casey@yahoo.ca
Ryan,Thompson,Ryan_Thompson@yahoo.ca
Elizabeth,Malone,Elizabeth_Malone@yahoo.ca
Jacqueline,Campbell,Jacqueline_Campbell@yahoo.ca
Harold,Luna,Harold_Luna@yahoo.ca
Erica,Wu,Erica_Wu@yahoo.ca
Linda,White,Linda_White@yahoo.ca
Tiffany,Parrish,Tiffany_Parrish@yahoo.ca
Michele,Castaneda,Michele_Castaneda@yahoo.ca
Haley,Webster,Haley_Webster@yahoo.ca
Joanne,Lee,Joanne_Lee@yahoo.ca
Katrina,White,Katrina_White@yahoo.ca
William,Thomas,William_Thomas@yahoo.ca
Amber,Jimenez,Amber_Jimenez@yahoo.ca
Evan,Woods,Evan_Woods@yahoo.ca
Brian,Caldwell,Brian_Caldwell@yahoo.ca
Alexis,Wright,Alexis_Wright@yahoo.ca
Jodi,Guerra,Jodi_Guerra@yahoo.ca
Gary,Lewis,Gary_Lewis@yahoo.ca
Danny,Miller,Danny_Miller@yahoo.ca
Thomas,Jones,Thomas_Jones@yahoo.ca
Joshua,Fisher,Joshua_Fisher@yahoo.ca
Laura,Mcgee,Laura_Mcgee@yahoo.ca
Donna,Rodriguez,Donna_Rodriguez@yahoo.ca
Patrick,Flores,Patrick_Flores@yahoo.ca
Jennifer,Knight,Jennifer_Knight@yahoo.ca
Joshua,Harper,Joshua_Harper@yahoo.ca
Michelle,Moore,Michelle_Moore@yahoo.ca
Timothy,Hutchinson,Timothy_Hutchinson@yahoo.ca
Belinda,Hunter,Belinda_Hunter@yahoo.ca
Linda,Cox,Linda_Cox@yahoo.ca
Rachel,Leon,Rachel_Leon@yahoo.ca
Thomas,Cruz,Thomas_Cruz@yahoo.ca
Ms.,Rachel,Ms._Rachel@yahoo.ca
Jeffrey,Jones,Jeffrey_Jones@yahoo.ca
Lindsey,Lyons,Lindsey_Lyons@yahoo.ca
Deborah,Garcia,Deborah_Garcia@yahoo.ca
Aaron,Bennett,Aaron_Bennett@yahoo.ca
Erica,Buchanan,Erica_Buchanan@yahoo.ca
Stephanie,Hicks,Stephanie_Hicks@yahoo.ca
Cheryl,Brown,Cheryl_Brown@yahoo.ca
Theresa,Odom,Theresa_Odom@yahoo.ca
Anthony,Lucas,Anthony_Lucas@yahoo.ca
Stacey,Mueller,Stacey_Mueller@yahoo.ca
Thomas,Jones,Thomas_Jones@yahoo.ca
Johnny,Shields,Johnny_Shields@yahoo.ca
Patricia,Webb,Patricia_Webb@yahoo.ca
Cody,Williams,Cody_Williams@yahoo.ca
Christine,Lucero,Christine_Lucero@yahoo.ca
Maurice,Howard,Maurice_Howard@yahoo.ca
Adam,Dennis,Adam_Dennis@yahoo.ca
Anthony,Alexander,Anthony_Alexander@yahoo.ca
Lisa,Singh,Lisa_Singh@yahoo.ca
Joseph,Brown,Joseph_Brown@yahoo.ca
Andrea,Smith,Andrea_Smith@yahoo.ca
Cody,Aguilar,Cody_Aguilar@yahoo.ca
Jacob,Lee,Jacob_Lee@yahoo.ca
Rachel,Collins,Rachel_Collins@yahoo.ca
Sarah,Li,Sarah_Li@yahoo.ca
Wayne,Wall,Wayne_Wall@yahoo.ca
Joseph,Myers,Joseph_Myers@yahoo.ca
Sabrina,Brown,Sabrina_Brown@yahoo.ca
Linda,Ballard,Linda_Ballard@yahoo.ca
Steven,White,Steven_White@yahoo.ca
Ivan,Wright,Ivan_Wright@yahoo.ca
Jeffrey,Richards,Jeffrey_Richards@yahoo.ca
Aaron,Gardner,Aaron_Gardner@yahoo.ca
Philip,Jones,Philip_Jones@yahoo.ca
Anna,Smith,Anna_Smith@yahoo.ca
Nancy,Sanchez,Nancy_Sanchez@yahoo.ca
Brittney,Shields,Brittney_Shields@yahoo.ca
Daniel,Kim,Daniel_Kim@yahoo.ca
Phillip,Freeman,Phillip_Freeman@yahoo.ca
Gary,Morris,Gary_Morris@yahoo.ca
Amber,Jordan,Amber_Jordan@yahoo.ca
Cody,Brady,Cody_Brady@yahoo.ca
Alan,Simpson,Alan_Simpson@yahoo.ca
Samuel,Marsh,Samuel_Marsh@yahoo.ca
Sara,King,Sara_King@yahoo.ca
Wendy,Brewer,Wendy_Brewer@yahoo.ca
Elizabeth,Roy,Elizabeth_Roy@yahoo.ca
Amber,Hess,Amber_Hess@yahoo.ca
Gloria,Nelson,Gloria_Nelson@yahoo.ca
Jennifer,Donovan,Jennifer_Donovan@yahoo.ca
Yolanda,Gibson,Yolanda_Gibson@yahoo.ca
Dylan,Garcia,Dylan_Garcia@yahoo.ca
Dustin,Holmes,Dustin_Holmes@yahoo.ca
Timothy,Blake,Timothy_Blake@yahoo.ca
David,Ellis,David_Ellis@yahoo.ca
Stephanie,Moore,Stephanie_Moore@yahoo.ca
Judy,Padilla,Judy_Padilla@yahoo.ca
Elizabeth,Browning,Elizabeth_Browning@yahoo.ca
Melanie,Lopez,Melanie_Lopez@yahoo.ca
Sonya,Johnson,Sonya_Johnson@yahoo.ca
Jennifer,Ruiz,Jennifer_Ruiz@yahoo.ca
Samantha,Wolf,Samantha_Wolf@yahoo.ca
Marissa,Flores,Marissa_Flores@yahoo.ca
Donna,Ortiz,Donna_Ortiz@yahoo.ca
Danielle,Robles,Danielle_Robles@yahoo.ca
Julia,Watts,Julia_Watts@yahoo.ca
Sarah,Meadows,Sarah_Meadows@yahoo.ca
Amy,Reyes,Amy_Reyes@yahoo.ca
Melanie,Perry,Melanie_Perry@yahoo.ca
Henry,Johnson,Henry_Johnson@yahoo.ca
Elizabeth,Allen,Elizabeth_Allen@yahoo.ca
Brian,Warner,Brian_Warner@yahoo.ca
Andrea,Whitehead,Andrea_Whitehead@yahoo.ca
Raymond,Boyer,Raymond_Boyer@yahoo.ca
Jesse,Farmer,Jesse_Farmer@yahoo.ca
Jill,Avila,Jill_Avila@yahoo.ca
Nicole,Price,Nicole_Price@yahoo.ca
David,Velasquez,David_Velasquez@yahoo.ca
Samantha,Rowland,Samantha_Rowland@yahoo.ca
Bobby,Gutierrez,Bobby_Gutierrez@yahoo.ca
Anthony,Carpenter,Anthony_Carpenter@yahoo.ca
Angelica,Miller,Angelica_Miller@yahoo.ca
Lisa,Solomon,Lisa_Solomon@yahoo.ca
Jacob,Estrada,Jacob_Estrada@yahoo.ca
Casey,Cabrera,Casey_Cabrera@yahoo.ca
Elizabeth,Chang,Elizabeth_Chang@yahoo.ca
Yvonne,Zamora,Yvonne_Zamora@yahoo.ca
Ronald,Medina,Ronald_Medina@yahoo.ca
Wesley,Thomas,Wesley_Thomas@yahoo.ca
Brendan,Diaz,Brendan_Diaz@yahoo.ca
Janice,Stout,Janice_Stout@yahoo.ca
John,Foster,John_Foster@yahoo.ca
Javier,Dennis,Javier_Dennis@yahoo.ca
Anne,Cooper,Anne_Cooper@yahoo.ca
Matthew,Fowler,Matthew_Fowler@yahoo.ca
Stephen,Patton,Stephen_Patton@yahoo.ca
Tommy,Haynes,Tommy_Haynes@yahoo.ca
Mary,Flores,Mary_Flores@yahoo.ca
Christopher,Gonzalez,Christopher_Gonzalez@yahoo.ca
Tanya,Jackson,Tanya_Jackson@yahoo.ca
Bobby,Ryan,Bobby_Ryan@yahoo.ca
Catherine,Porter,Catherine_Porter@yahoo.ca
Ronald,Stephens,Ronald_Stephens@yahoo.ca
Matthew,Fox,Matthew_Fox@yahoo.ca
Andrew,Moore,Andrew_Moore@yahoo.ca
Michael,Peterson,Michael_Peterson@yahoo.ca
Thomas,Bradley,Thomas_Bradley@yahoo.ca
Carrie,Reese,Carrie_Reese@yahoo.ca
Brian,James,Brian_James@yahoo.ca
William,Torres,William_Torres@yahoo.ca
Mark,Logan,Mark_Logan@yahoo.ca
Ruth,Tucker,Ruth_Tucker@yahoo.ca
Joshua,Wilson,Joshua_Wilson@yahoo.ca
Amanda,Lyons,Amanda_Lyons@yahoo.ca
Anthony,Ramirez,Anthony_Ramirez@yahoo.ca
David,Gibson,David_Gibson@yahoo.ca
Rebecca,Allen,Rebecca_Allen@yahoo.ca
Michael,Newman,Michael_Newman@yahoo.ca
Jennifer,Mitchell,Jennifer_Mitchell@yahoo.ca
Shawn,Gibbs,Shawn_Gibbs@yahoo.ca
Alexis,Harvey,Alexis_Harvey@yahoo.ca
Catherine,Johnson,Catherine_Johnson@yahoo.ca
Andrew,Kelly,Andrew_Kelly@yahoo.ca
Amy,Arnold,Amy_Arnold@yahoo.ca
Colton,Meadows,Colton_Meadows@yahoo.ca
Ashley,Cook,Ashley_Cook@yahoo.ca
Robin,Coffey,Robin_Coffey@yahoo.ca
Anne,Frey,Anne_Frey@yahoo.ca
Justin,Rogers,Justin_Rogers@yahoo.ca
Nancy,Jones,Nancy_Jones@yahoo.ca
Dana,May,Dana_May@yahoo.ca
Kristin,Griffin,Kristin_Griffin@yahoo.ca
Jackie,Santana,Jackie_Santana@yahoo.ca
Jason,Liu,Jason_Liu@yahoo.ca
Luis,May,Luis_May@yahoo.ca
Zachary,Gutierrez,Zachary_Gutierrez@yahoo.ca
Michael,Sawyer,Michael_Sawyer@yahoo.ca
Michael,Herrera,Michael_Herrera@yahoo.ca
Matthew,Bryant,Matthew_Bryant@yahoo.ca
Patricia,Juarez,Patricia_Juarez@yahoo.ca
Christopher,Thomas,Christopher_Thomas@yahoo.ca
Colleen,Patterson,Colleen_Patterson@yahoo.ca
Mary,Moore,Mary_Moore@yahoo.ca
Stephen,Austin,Stephen_Austin@yahoo.ca
Rebecca,Lee,Rebecca_Lee@yahoo.ca
Jerry,Hoffman,Jerry_Hoffman@yahoo.ca
Geoffrey,Koch,Geoffrey_Koch@yahoo.ca
Gina,Garcia,Gina_Garcia@yahoo.ca
Kathy,Fleming,Kathy_Fleming@yahoo.ca
Teresa,Frey,Teresa_Frey@yahoo.ca
Martha,Washington,Martha_Washington@yahoo.ca
Allen,Goodwin,Allen_Goodwin@yahoo.ca
Paige,Perkins,Paige_Perkins@yahoo.ca
Brandon,Jackson,Brandon_Jackson@yahoo.ca
Elijah,Thompson,Elijah_Thompson@yahoo.ca
David,Schneider,David_Schneider@yahoo.ca
James,Brown,James_Brown@yahoo.ca
Samantha,Schneider,Samantha_Schneider@yahoo.ca
Kevin,Wright,Kevin_Wright@yahoo.ca
Dakota,Chavez,Dakota_Chavez@yahoo.ca
Stephanie,Moran,Stephanie_Moran@yahoo.ca
Brian,Walters,Brian_Walters@yahoo.ca
Stephanie,Morales,Stephanie_Morales@yahoo.ca
Lindsey,Cabrera,Lindsey_Cabrera@yahoo.ca
Ms.,Katherine,Ms._Katherine@yahoo.ca
Stephanie,Neal,Stephanie_Neal@yahoo.ca
Marie,Stewart,Marie_Stewart@yahoo.ca
Sarah,Pacheco,Sarah_Pacheco@yahoo.ca
Mary,Tate,Mary_Tate@yahoo.ca
Richard,Oliver,Richard_Oliver@yahoo.ca
Stephanie,Rodgers,Stephanie_Rodgers@yahoo.ca
Jennifer,Harrison,Jennifer_Harrison@yahoo.ca
Brian,Perez,Brian_Perez@yahoo.ca
Andre,Rogers,Andre_Rogers@yahoo.ca
Raymond,Acosta,Raymond_Acosta@yahoo.ca
Matthew,Davis,Matthew_Davis@yahoo.ca
Katherine,Martinez,Katherine_Martinez@yahoo.ca
Anthony,Webb,Anthony_Webb@yahoo.ca
William,Johnson,William_Johnson@yahoo.ca
Desiree,Grimes,Desiree_Grimes@yahoo.ca
Melissa,Clay,Melissa_Clay@yahoo.ca
Ralph,Brown,Ralph_Brown@yahoo.ca
Shawn,Huynh,Shawn_Huynh@yahoo.ca
Jon,Hunter,Jon_Hunter@yahoo.ca
Rita,Brown,Rita_Brown@yahoo.ca
Leslie,Wallace,Leslie_Wallace@yahoo.ca
Jeremy,Young,Jeremy_Young@yahoo.ca
Michael,Hardy,Michael_Hardy@yahoo.ca
Mitchell,Gregory,Mitchell_Gregory@yahoo.ca
Warren,Stanley,Warren_Stanley@yahoo.ca
Kimberly,Jones,Kimberly_Jones@yahoo.ca
George,Owen,George_Owen@yahoo.ca
Joe,Warren,Joe_Warren@yahoo.ca
Terry,Fisher,Terry_Fisher@yahoo.ca
Regina,Cannon,Regina_Cannon@yahoo.ca
Alexandria,Porter,Alexandria_Porter@yahoo.ca
William,Garcia,William_Garcia@yahoo.ca
William,Cannon,William_Cannon@yahoo.ca
Evelyn,Martinez,Evelyn_Martinez@yahoo.ca
Anna,Williamson,Anna_Williamson@yahoo.ca
John,Hampton,John_Hampton@yahoo.ca
Sarah,Sanchez,Sarah_Sanchez@yahoo.ca
Patrick,Skinner,Patrick_Skinner@yahoo.ca
Robert,Pope,Robert_Pope@yahoo.ca
Robert,Kidd,Robert_Kidd@yahoo.ca
Phillip,Bryan,Phillip_Bryan@yahoo.ca
Brandon,Smith,Brandon_Smith@yahoo.ca
Michael,Hatfield,Michael_Hatfield@yahoo.ca
Sharon,Bridges,Sharon_Bridges@yahoo.ca
Kim,Haley,Kim_Haley@yahoo.ca
Ryan,Mccarthy,Ryan_Mccarthy@yahoo.ca
Garrett,Rasmussen,Garrett_Rasmussen@yahoo.ca
Heather,Moreno,Heather_Moreno@yahoo.ca
Tiffany,Hardin,Tiffany_Hardin@yahoo.ca
Christopher,Mack,Christopher_Mack@yahoo.ca
Carrie,Freeman,Carrie_Freeman@yahoo.ca
Gregory,Miller,Gregory_Miller@yahoo.ca
Matthew,Owens,Matthew_Owens@yahoo.ca
Michelle,Kane,Michelle_Kane@yahoo.ca
Joseph,Simon,Joseph_Simon@yahoo.ca
Julie,Coleman,Julie_Coleman@yahoo.ca
Travis,Rodriguez,Travis_Rodriguez@yahoo.ca
Jeff,Wells,Jeff_Wells@yahoo.ca
Margaret,Castro,Margaret_Castro@yahoo.ca
Ashley,Perez,Ashley_Perez@yahoo.ca
Daniel,Allen,Daniel_Allen@yahoo.ca
Dana,Klein,Dana_Klein@yahoo.ca
Cynthia,Wolf,Cynthia_Wolf@yahoo.ca
Jimmy,Shepard,Jimmy_Shepard@yahoo.ca
Jesse,Gardner,Jesse_Gardner@yahoo.ca
Vincent,Simmons,Vincent_Simmons@yahoo.ca
Justin,Garza,Justin_Garza@yahoo.ca
Helen,Leach,Helen_Leach@yahoo.ca
Stephanie,Lawrence,Stephanie_Lawrence@yahoo.ca
Mary,Scott,Mary_Scott@yahoo.ca
Helen,Moreno,Helen_Moreno@yahoo.ca
John,Lewis,John_Lewis@yahoo.ca
Angela,Butler,Angela_Butler@yahoo.ca
James,King,James_King@yahoo.ca
James,Garcia,James_Garcia@yahoo.ca
Mark,Lee,Mark_Lee@yahoo.ca
Dawn,Turner,Dawn_Turner@yahoo.ca
Stuart,Armstrong,Stuart_Armstrong@yahoo.ca
Kelsey,Thornton,Kelsey_Thornton@yahoo.ca
Barbara,Bates,Barbara_Bates@yahoo.ca
Natalie,Torres,Natalie_Torres@yahoo.ca
James,Anderson,James_Anderson@yahoo.ca
Veronica,Curtis,Veronica_Curtis@yahoo.ca
Samantha,Cruz,Samantha_Cruz@yahoo.ca
Amy,Williams,Amy_Williams@yahoo.ca
Stephen,Ferguson,Stephen_Ferguson@yahoo.ca
Walter,Olson,Walter_Olson@yahoo.ca
Daniel,Jones,Daniel_Jones@yahoo.ca
Brandon,Medina,Brandon_Medina@yahoo.ca
Danielle,Campos,Danielle_Campos@yahoo.ca
Shane,Compton,Shane_Compton@yahoo.ca
Melinda,Ramirez,Melinda_Ramirez@yahoo.ca
Mitchell,Olson,Mitchell_Olson@yahoo.ca
Nicholas,Kaufman,Nicholas_Kaufman@yahoo.ca
Jessica,Reilly,Jessica_Reilly@yahoo.ca
Tonya,Dawson,Tonya_Dawson@yahoo.ca
Stephen,Lawrence,Stephen_Lawrence@yahoo.ca
Jessica,Saunders,Jessica_Saunders@yahoo.ca
Justin,Mathews,Justin_Mathews@yahoo.ca
Kathleen,Stephenson,Kathleen_Stephenson@yahoo.ca
Tony,Buchanan,Tony_Buchanan@yahoo.ca
Austin,Webb,Austin_Webb@yahoo.ca
Crystal,Newton,Crystal_Newton@yahoo.ca
Jackie,Austin,Jackie_Austin@yahoo.ca
Misty,Baker,Misty_Baker@yahoo.ca
Mark,Baxter,Mark_Baxter@yahoo.ca
Cheryl,Smith,Cheryl_Smith@yahoo.ca
Judith,Beltran,Judith_Beltran@yahoo.ca
Joshua,Pearson,Joshua_Pearson@yahoo.ca
Douglas,Jackson,Douglas_Jackson@yahoo.ca
Tara,Gonzalez,Tara_Gonzalez@yahoo.ca
William,Green,William_Green@yahoo.ca
Natalie,Hudson,Natalie_Hudson@yahoo.ca
Richard,Nelson,Richard_Nelson@yahoo.ca
Paul,Reyes,Paul_Reyes@yahoo.ca
Jason,Lucero,Jason_Lucero@yahoo.ca
Christina,Smith,Christina_Smith@yahoo.ca
Natasha,Lee,Natasha_Lee@yahoo.ca
Sara,Knight,Sara_Knight@yahoo.ca
Nicole,Rice,Nicole_Rice@yahoo.ca
Patrick,Palmer,Patrick_Palmer@yahoo.ca
Richard,Reed,Richard_Reed@yahoo.ca
Melissa,Hale,Melissa_Hale@yahoo.ca
Matthew,Jones,Matthew_Jones@yahoo.ca
Andrew,Faulkner,Andrew_Faulkner@yahoo.ca
Jenna,Johns,Jenna_Johns@yahoo.ca
Heather,Thomas,Heather_Thomas@yahoo.ca
Jamie,Hunt,Jamie_Hunt@yahoo.ca
Sarah,Green,Sarah_Green@yahoo.ca
Anna,Jones,Anna_Jones@yahoo.ca
Jacob,Martinez,Jacob_Martinez@yahoo.ca
Michael,Rocha,Michael_Rocha@yahoo.ca
Justin,Garcia,Justin_Garcia@yahoo.ca
Joseph,Anderson,Joseph_Anderson@yahoo.ca
Joshua,Leon,Joshua_Leon@yahoo.ca
Rachel,Roberts,Rachel_Roberts@yahoo.ca
Julie,Reynolds,Julie_Reynolds@yahoo.ca
Linda,Chang,Linda_Chang@yahoo.ca
Melanie,Burke,Melanie_Burke@yahoo.ca
Andrea,Adams,Andrea_Adams@yahoo.ca
Kathleen,Johnson,Kathleen_Johnson@yahoo.ca
Pamela,Ortiz,Pamela_Ortiz@yahoo.ca
Julie,Miller,Julie_Miller@yahoo.ca
Emma,Bruce,Emma_Bruce@yahoo.ca
Hannah,Obrien,Hannah_Obrien@yahoo.ca
David,Cohen,David_Cohen@yahoo.ca
Cody,Knox,Cody_Knox@yahoo.ca
Theresa,Briggs,Theresa_Briggs@yahoo.ca
David,Adams,David_Adams@yahoo.ca
Melissa,Lozano,Melissa_Lozano@yahoo.ca
Rebekah,Powell,Rebekah_Powell@yahoo.ca
Gabriel,Smith,Gabriel_Smith@yahoo.ca
Cynthia,Sparks,Cynthia_Sparks@yahoo.ca
Kathleen,Watson,Kathleen_Watson@yahoo.ca
Jose,Mckenzie,Jose_Mckenzie@yahoo.ca
Mary,Hill,Mary_Hill@yahoo.ca
Pamela,Gonzalez,Pamela_Gonzalez@yahoo.ca
David,Thornton,David_Thornton@yahoo.ca
Michelle,Harris,Michelle_Harris@yahoo.ca
Jesus,Turner,Jesus_Turner@yahoo.ca
Todd,Gardner,Todd_Gardner@yahoo.ca
Anita,Baker,Anita_Baker@yahoo.ca
John,Holmes,John_Holmes@yahoo.ca
Charles,Haynes,Charles_Haynes@yahoo.ca
Brandi,Anderson,Brandi_Anderson@yahoo.ca
Ashley,Adams,Ashley_Adams@yahoo.ca
Nicholas,Stewart,Nicholas_Stewart@yahoo.ca
Kimberly,Schultz,Kimberly_Schultz@yahoo.ca
Mark,Garza,Mark_Garza@yahoo.ca
Heather,Jordan,Heather_Jordan@yahoo.ca
Daryl,Hampton,Daryl_Hampton@yahoo.ca
Mark,Rodriguez,Mark_Rodriguez@yahoo.ca
Eric,Kennedy,Eric_Kennedy@yahoo.ca
Stephanie,Davidson,Stephanie_Davidson@yahoo.ca
Marcus,Moore,Marcus_Moore@yahoo.ca
Kelly,Knapp,Kelly_Knapp@yahoo.ca
Corey,Mann,Corey_Mann@yahoo.ca
Austin,Schmidt,Austin_Schmidt@yahoo.ca
Cameron,Hayes,Cameron_Hayes@yahoo.ca
Wendy,Ramirez,Wendy_Ramirez@yahoo.ca
Christie,Blair,Christie_Blair@yahoo.ca
Eric,Ellis,Eric_Ellis@yahoo.ca
Calvin,Lopez,Calvin_Lopez@yahoo.ca
Laura,Stone,Laura_Stone@yahoo.ca
Amanda,Harper,Amanda_Harper@yahoo.ca
Kimberly,Gray,Kimberly_Gray@yahoo.ca
Tina,Vaughn,Tina_Vaughn@yahoo.ca
Kenneth,Ray,Kenneth_Ray@yahoo.ca
Matthew,Blake,Matthew_Blake@yahoo.ca
Christian,Brown,Christian_Brown@yahoo.ca
Sue,Garcia,Sue_Garcia@yahoo.ca
Lisa,Parker,Lisa_Parker@yahoo.ca
Roy,Howe,Roy_Howe@yahoo.ca
Brenda,Marshall,Brenda_Marshall@yahoo.ca
Spencer,Sanchez,Spencer_Sanchez@yahoo.ca
Tiffany,Mack,Tiffany_Mack@yahoo.ca
Jessica,Mitchell,Jessica_Mitchell@yahoo.ca
Robert,Russell,Robert_Russell@yahoo.ca
Carl,Wagner,Carl_Wagner@yahoo.ca
Barbara,Pollard,Barbara_Pollard@yahoo.ca
Danielle,Wilson,Danielle_Wilson@yahoo.ca
Michael,Olson,Michael_Olson@yahoo.ca
Patricia,Mendez,Patricia_Mendez@yahoo.ca
Christian,Herring,Christian_Herring@yahoo.ca
Scott,Ho,Scott_Ho@yahoo.ca
Debra,Boyle,Debra_Boyle@yahoo.ca
Rebecca,Lee,Rebecca_Lee@yahoo.ca
Joshua,Wilson,Joshua_Wilson@yahoo.ca
Ralph,Tran,Ralph_Tran@yahoo.ca
Nicole,Taylor,Nicole_Taylor@yahoo.ca
Wanda,West,Wanda_West@yahoo.ca
Samantha,Howell,Samantha_Howell@yahoo.ca
Madison,Elliott,Madison_Elliott@yahoo.ca
Matthew,Diaz,Matthew_Diaz@yahoo.ca
Shawn,Hayes,Shawn_Hayes@yahoo.ca
Nicole,Herrera,Nicole_Herrera@yahoo.ca
Steven,Boyd,Steven_Boyd@yahoo.ca
Craig,Bauer,Craig_Bauer@yahoo.ca
Kelly,Harris,Kelly_Harris@yahoo.ca
Angela,Parker,Angela_Parker@yahoo.ca
Monique,Campbell,Monique_Campbell@yahoo.ca
Amy,Quinn,Amy_Quinn@yahoo.ca
David,Simpson,David_Simpson@yahoo.ca
Dominic,Burke,Dominic_Burke@yahoo.ca
Gregory,Collins,Gregory_Collins@yahoo.ca
Mason,Thomas,Mason_Thomas@yahoo.ca
Michael,Lopez,Michael_Lopez@yahoo.ca
Sandra,King,Sandra_King@yahoo.ca
Robert,Robinson,Robert_Robinson@yahoo.ca
Nancy,Weiss,Nancy_Weiss@yahoo.ca
Elizabeth,Ross,Elizabeth_Ross@yahoo.ca
James,Rich,James_Rich@yahoo.ca
Kelly,Lee,Kelly_Lee@yahoo.ca
Suzanne,Foster,Suzanne_Foster@yahoo.ca
Melinda,Marsh,Melinda_Marsh@yahoo.ca
Alison,Le,Alison_Le@yahoo.ca
Christina,Brown,Christina_Brown@yahoo.ca
David,Williams,David_Williams@yahoo.ca
Jasmine,Gomez,Jasmine_Gomez@yahoo.ca
James,Perez,James_Perez@yahoo.ca
Christopher,Jackson,Christopher_Jackson@yahoo.ca
Michael,Lee,Michael_Lee@yahoo.ca
Jessica,Quinn,Jessica_Quinn@yahoo.ca
David,Torres,David_Torres@yahoo.ca
James,Burns,James_Burns@yahoo.ca
Shawn,Jones,Shawn_Jones@yahoo.ca
Troy,Banks,Troy_Banks@yahoo.ca
Margaret,Pollard,Margaret_Pollard@yahoo.ca
Sandy,Black,Sandy_Black@yahoo.ca
Derrick,Miller,Derrick_Miller@yahoo.ca
Melinda,Morgan,Melinda_Morgan@yahoo.ca
Rebecca,Holt,Rebecca_Holt@yahoo.ca
Kristin,Mcintosh,Kristin_Mcintosh@yahoo.ca
Isaiah,Owen,Isaiah_Owen@yahoo.ca
Scott,Hale,Scott_Hale@yahoo.ca
Chad,Larson,Chad_Larson@yahoo.ca
Nicole,Wood,Nicole_Wood@yahoo.ca
David,Collins,David_Collins@yahoo.ca
Jacob,Rodriguez,Jacob_Rodriguez@yahoo.ca
Casey,Ortega,Casey_Ortega@yahoo.ca
Adrian,Thompson,Adrian_Thompson@yahoo.ca
Courtney,Wilkins,Courtney_Wilkins@yahoo.ca
Amy,Jordan,Amy_Jordan@yahoo.ca
Sarah,Barnes,Sarah_Barnes@yahoo.ca
Christian,Fuller,Christian_Fuller@yahoo.ca
Theresa,Thomas,Theresa_Thomas@yahoo.ca
Stephanie,Smith,Stephanie_Smith@yahoo.ca
Stacy,Stephens,Stacy_Stephens@yahoo.ca
Christopher,Johnson,Christopher_Johnson@yahoo.ca
Logan,Wilson,Logan_Wilson@yahoo.ca
Toni,Bryant,Toni_Bryant@yahoo.ca
Stephen,Anderson,Stephen_Anderson@yahoo.ca
Ralph,Mckinney,Ralph_Mckinney@yahoo.ca
Sandra,Delacruz,Sandra_Delacruz@yahoo.ca
Kevin,Rivera,Kevin_Rivera@yahoo.ca
Morgan,Morales,Morgan_Morales@yahoo.ca
Joseph,Mccoy,Joseph_Mccoy@yahoo.ca